camping;Country;City;Year;Transport
València/Carrer Riu Túria, 1, 46530 /Puçol/Espagne;France;Paris 16;2016;Electric engine car
Belle Plage/ Rue de l'Anse du Stole 56270 /Ploemeur/ France;France;Saverne;2020;Bus
València/Carrer Riu Túria, 1, 46530 /Puçol/Espagne;Sweden;Karlskrona;2016;Electric engine car
València/Carrer Riu Túria, 1, 46530 /Puçol/Espagne;Sweden;Valbo;2019;Combustion engine car
València/Carrer Riu Túria, 1, 46530 /Puçol/Espagne;Sweden;Kallinge;2019;Combustion engine car
València/Carrer Riu Túria, 1, 46530 /Puçol/Espagne;France;Montbrison;2019;Bus
Cap Sud/ Plage de Cap Sud, 20215 /Venzolasca/ France;Sweden;Åby;2016;Combustion engine car
Cap Sud/ Plage de Cap Sud, 20215 /Venzolasca/ France;France;Paris 15;2016;Electric engine car
Belle Plage/ Rue de l'Anse du Stole 56270 /Ploemeur/ France;Norway;Haugesund;2021;Combustion engine car
Blue Bayou/Plage Ouest, 34350 /Vendres/France;France;Beauvais;2018;Combustion engine car
Belle Plage/ Rue de l'Anse du Stole 56270 /Ploemeur/ France;France;Blois;2014;Electric engine car
Belle Plage/ Rue de l'Anse du Stole 56270 /Ploemeur/ France;France;Nogent-sur-Marne;2023;Electric engine car
Belle Plage/ Rue de l'Anse du Stole 56270 /Ploemeur/ France;Finland;Vinkkilä;2021;Electric engine car
València/Carrer Riu Túria, 1, 46530 /Puçol/Espagne;Sweden;Spånga;2013;Bus
Cap Sud/ Plage de Cap Sud, 20215 /Venzolasca/ France;France;Toulon;2021;Combustion engine car
Belle Plage/ Rue de l'Anse du Stole 56270 /Ploemeur/ France;France;Bourg-en-Bresse;2019;Electric engine car
Belle Plage/ Rue de l'Anse du Stole 56270 /Ploemeur/ France;France;Pau;2018;Combustion engine car
Cap Sud/ Plage de Cap Sud, 20215 /Venzolasca/ France;France;Grenoble;2019;Train
Belle Plage/ Rue de l'Anse du Stole 56270 /Ploemeur/ France;Sweden;Eskilstuna;2013;Combustion engine car
Blue Bayou/Plage Ouest, 34350 /Vendres/France;France;Senlis;2014;Combustion engine car
Cap Sud/ Plage de Cap Sud, 20215 /Venzolasca/ France;Finland;Muhos;2016;Combustion engine car
València/Carrer Riu Túria, 1, 46530 /Puçol/Espagne;France;Marseille;2018;Combustion engine car
València/Carrer Riu Túria, 1, 46530 /Puçol/Espagne;France;Coulommiers;2019;Electric engine car
Cap Sud/ Plage de Cap Sud, 20215 /Venzolasca/ France;Sweden;Kolmården;2013;Bus
Cap Sud/ Plage de Cap Sud, 20215 /Venzolasca/ France;Sweden;Borlänge;2023;Combustion engine car
Blue Bayou/Plage Ouest, 34350 /Vendres/France;Sweden;Laholm;2013;Bus
Blue Bayou/Plage Ouest, 34350 /Vendres/France;France;Reims;2016;Electric engine car
València/Carrer Riu Túria, 1, 46530 /Puçol/Espagne;France;Paris 07;2022;Combustion engine car
Blue Bayou/Plage Ouest, 34350 /Vendres/France;Sweden;Göteborg;2021;Train
Belle Plage/ Rue de l'Anse du Stole 56270 /Ploemeur/ France;Germany;Ludwigshafen am Rhein;2016;Electric engine car
Cap Sud/ Plage de Cap Sud, 20215 /Venzolasca/ France;France;Cosne-Cours-sur-Loire;2018;Combustion engine car
València/Carrer Riu Túria, 1, 46530 /Puçol/Espagne;France;Rungis;2014;Electric engine car
Cap Sud/ Plage de Cap Sud, 20215 /Venzolasca/ France;France;Fréjus;2016;Train
Belle Plage/ Rue de l'Anse du Stole 56270 /Ploemeur/ France;Sweden;Vännäs;2021;Combustion engine car
Belle Plage/ Rue de l'Anse du Stole 56270 /Ploemeur/ France;Denmark;Frederiksberg;2022;Combustion engine car
Cap Sud/ Plage de Cap Sud, 20215 /Venzolasca/ France;Netherlands;Apeldoorn;2022;Combustion engine car
València/Carrer Riu Túria, 1, 46530 /Puçol/Espagne;Sweden;Lindome;2014;Electric engine car
València/Carrer Riu Túria, 1, 46530 /Puçol/Espagne;Finland;Harjavalta;2023;Combustion engine car
València/Carrer Riu Túria, 1, 46530 /Puçol/Espagne;France;Bayonne;2014;Combustion engine car
Cap Sud/ Plage de Cap Sud, 20215 /Venzolasca/ France;France;Épinal;2014;Combustion engine car
Belle Plage/ Rue de l'Anse du Stole 56270 /Ploemeur/ France;Netherlands;Leiden;2016;Combustion engine car
Belle Plage/ Rue de l'Anse du Stole 56270 /Ploemeur/ France;Netherlands;Bergen op Zoom;2023;Combustion engine car
Belle Plage/ Rue de l'Anse du Stole 56270 /Ploemeur/ France;France;Marseille;2017;Combustion engine car
Belle Plage/ Rue de l'Anse du Stole 56270 /Ploemeur/ France;France;Paris 15;2013;Train
Blue Bayou/Plage Ouest, 34350 /Vendres/France;France;Longjumeau;2017;Electric engine car
Cap Sud/ Plage de Cap Sud, 20215 /Venzolasca/ France;France;Paris 03;2023;Combustion engine car
Cap Sud/ Plage de Cap Sud, 20215 /Venzolasca/ France;France;Billère;2016;Bus
Belle Plage/ Rue de l'Anse du Stole 56270 /Ploemeur/ France;France;Boé;2019;Combustion engine car
Belle Plage/ Rue de l'Anse du Stole 56270 /Ploemeur/ France;Netherlands;Wageningen;2023;Train
Belle Plage/ Rue de l'Anse du Stole 56270 /Ploemeur/ France;Finland;Kiikala;2019;Combustion engine car
Belle Plage/ Rue de l'Anse du Stole 56270 /Ploemeur/ France;Denmark;København;2018;Combustion engine car
Belle Plage/ Rue de l'Anse du Stole 56270 /Ploemeur/ France;France;Vénissieux;2023;Train
Belle Plage/ Rue de l'Anse du Stole 56270 /Ploemeur/ France;France;Laon;2015;Electric engine car
Belle Plage/ Rue de l'Anse du Stole 56270 /Ploemeur/ France;Sweden;Sunne;2016;Bus
València/Carrer Riu Túria, 1, 46530 /Puçol/Espagne;Sweden;Saltsjö-Boo;2018;Combustion engine car
València/Carrer Riu Túria, 1, 46530 /Puçol/Espagne;Norway;Arendal;2016;Combustion engine car
Belle Plage/ Rue de l'Anse du Stole 56270 /Ploemeur/ France;France;Chartres;2019;Train
Belle Plage/ Rue de l'Anse du Stole 56270 /Ploemeur/ France;Finland;Reisjärvi;2023;Combustion engine car
València/Carrer Riu Túria, 1, 46530 /Puçol/Espagne;Finland;Ingå;2018;Bus
Blue Bayou/Plage Ouest, 34350 /Vendres/France;Finland;Liminka;2019;Electric engine car
València/Carrer Riu Túria, 1, 46530 /Puçol/Espagne;France;La Tour-du-Pin;2017;Combustion engine car
Blue Bayou/Plage Ouest, 34350 /Vendres/France;Norway;Tromsø;2019;Combustion engine car
Cap Sud/ Plage de Cap Sud, 20215 /Venzolasca/ France;Sweden;Motala;2016;Combustion engine car
Cap Sud/ Plage de Cap Sud, 20215 /Venzolasca/ France;Netherlands;Breda;2019;Combustion engine car
Cap Sud/ Plage de Cap Sud, 20215 /Venzolasca/ France;Netherlands;Zwolle;2018;Combustion engine car
València/Carrer Riu Túria, 1, 46530 /Puçol/Espagne;France;Strasbourg;2021;Combustion engine car
València/Carrer Riu Túria, 1, 46530 /Puçol/Espagne;Sweden;Åkersberga;2018;Combustion engine car
Cap Sud/ Plage de Cap Sud, 20215 /Venzolasca/ France;Sweden;Lidingö;2015;Bus
Cap Sud/ Plage de Cap Sud, 20215 /Venzolasca/ France;Sweden;Norrtälje;2013;Bus
València/Carrer Riu Túria, 1, 46530 /Puçol/Espagne;Sweden;Höganäs;2016;Combustion engine car
Blue Bayou/Plage Ouest, 34350 /Vendres/France;Netherlands;Delft;2017;Combustion engine car
Belle Plage/ Rue de l'Anse du Stole 56270 /Ploemeur/ France;France;Paris La Défense;2015;Train
Belle Plage/ Rue de l'Anse du Stole 56270 /Ploemeur/ France;Sweden;Karlskrona;2014;Electric engine car
Blue Bayou/Plage Ouest, 34350 /Vendres/France;Sweden;Västra Frölunda;2014;Electric engine car
Cap Sud/ Plage de Cap Sud, 20215 /Venzolasca/ France;France;Paris 15;2019;Combustion engine car
València/Carrer Riu Túria, 1, 46530 /Puçol/Espagne;Sweden;Åstorp;2018;Combustion engine car
València/Carrer Riu Túria, 1, 46530 /Puçol/Espagne;Sweden;Angered;2014;Combustion engine car
València/Carrer Riu Túria, 1, 46530 /Puçol/Espagne;France;Brest;2013;Train
Belle Plage/ Rue de l'Anse du Stole 56270 /Ploemeur/ France;Norway;Tromsø;2023;Combustion engine car
Belle Plage/ Rue de l'Anse du Stole 56270 /Ploemeur/ France;Sweden;Stockholm;2020;Bus
Blue Bayou/Plage Ouest, 34350 /Vendres/France;France;Épinal;2013;Combustion engine car
Cap Sud/ Plage de Cap Sud, 20215 /Venzolasca/ France;Sweden;Skövde;2023;Combustion engine car
Blue Bayou/Plage Ouest, 34350 /Vendres/France;France;Montrouge;2021;Combustion engine car
València/Carrer Riu Túria, 1, 46530 /Puçol/Espagne;France;Périgueux;2018;Combustion engine car
Blue Bayou/Plage Ouest, 34350 /Vendres/France;Sweden;Uddevalla;2021;Combustion engine car
València/Carrer Riu Túria, 1, 46530 /Puçol/Espagne;Finland;Kälviä;2016;Combustion engine car
Blue Bayou/Plage Ouest, 34350 /Vendres/France;Sweden;Göteborg;2015;Train
Cap Sud/ Plage de Cap Sud, 20215 /Venzolasca/ France;Sweden;Täby;2023;Combustion engine car
València/Carrer Riu Túria, 1, 46530 /Puçol/Espagne;Netherlands;Leiden;2023;Combustion engine car
Belle Plage/ Rue de l'Anse du Stole 56270 /Ploemeur/ France;Sweden;Stockholm;2016;Train
València/Carrer Riu Túria, 1, 46530 /Puçol/Espagne;Netherlands;Maastricht;2020;Combustion engine car
València/Carrer Riu Túria, 1, 46530 /Puçol/Espagne;Sweden;Jönköping;2023;Combustion engine car
Cap Sud/ Plage de Cap Sud, 20215 /Venzolasca/ France;France;Barr;2019;Electric engine car
València/Carrer Riu Túria, 1, 46530 /Puçol/Espagne;Norway;Sandnes;2019;Electric engine car
Cap Sud/ Plage de Cap Sud, 20215 /Venzolasca/ France;France;Autun;2014;Combustion engine car
València/Carrer Riu Túria, 1, 46530 /Puçol/Espagne;Sweden;Växjö;2017;Combustion engine car
Cap Sud/ Plage de Cap Sud, 20215 /Venzolasca/ France;France;Labège;2023;Combustion engine car
València/Carrer Riu Túria, 1, 46530 /Puçol/Espagne;France;Villejuif;2013;Train
València/Carrer Riu Túria, 1, 46530 /Puçol/Espagne;Netherlands;Delft;2016;Combustion engine car
València/Carrer Riu Túria, 1, 46530 /Puçol/Espagne;Sweden;Göteborg;2018;Combustion engine car
València/Carrer Riu Túria, 1, 46530 /Puçol/Espagne;France;Le Teil;2019;Combustion engine car
València/Carrer Riu Túria, 1, 46530 /Puçol/Espagne;France;Orléans;2019;Combustion engine car
València/Carrer Riu Túria, 1, 46530 /Puçol/Espagne;Sweden;Linköping;2022;Combustion engine car
Cap Sud/ Plage de Cap Sud, 20215 /Venzolasca/ France;France;Saint-Jean-de-Védas;2014;Electric engine car
Belle Plage/ Rue de l'Anse du Stole 56270 /Ploemeur/ France;Sweden;Trollhättan;2019;Train
Blue Bayou/Plage Ouest, 34350 /Vendres/France;France;Valence;2014;Electric engine car
València/Carrer Riu Túria, 1, 46530 /Puçol/Espagne;Sweden;Solna;2022;Combustion engine car
Blue Bayou/Plage Ouest, 34350 /Vendres/France;France;Strasbourg;2020;Combustion engine car
Cap Sud/ Plage de Cap Sud, 20215 /Venzolasca/ France;Sweden;Falun;2014;Combustion engine car
Blue Bayou/Plage Ouest, 34350 /Vendres/France;France;Argenteuil;2022;Bus
Blue Bayou/Plage Ouest, 34350 /Vendres/France;Netherlands;Oss;2017;Bus
Cap Sud/ Plage de Cap Sud, 20215 /Venzolasca/ France;Sweden;Kumla;2013;Train
Belle Plage/ Rue de l'Anse du Stole 56270 /Ploemeur/ France;France;Vannes;2013;Combustion engine car
València/Carrer Riu Túria, 1, 46530 /Puçol/Espagne;Norway;Gjøvik;2014;Combustion engine car
Blue Bayou/Plage Ouest, 34350 /Vendres/France;Netherlands;Heemskerk;2016;Combustion engine car
Cap Sud/ Plage de Cap Sud, 20215 /Venzolasca/ France;Sweden;Valbo;2022;Bus
Belle Plage/ Rue de l'Anse du Stole 56270 /Ploemeur/ France;France;Val-de-Reuil;2021;Combustion engine car
València/Carrer Riu Túria, 1, 46530 /Puçol/Espagne;France;Aubagne;2017;Bus
Blue Bayou/Plage Ouest, 34350 /Vendres/France;France;Fréjus;2019;Combustion engine car
Blue Bayou/Plage Ouest, 34350 /Vendres/France;France;Lattes;2020;Bus
Cap Sud/ Plage de Cap Sud, 20215 /Venzolasca/ France;France;Tournon-sur-Rhône;2022;Combustion engine car
Blue Bayou/Plage Ouest, 34350 /Vendres/France;Sweden;Halmstad;2015;Bus
Cap Sud/ Plage de Cap Sud, 20215 /Venzolasca/ France;France;Schiltigheim;2016;Combustion engine car
Belle Plage/ Rue de l'Anse du Stole 56270 /Ploemeur/ France;Finland;Isojoki;2023;Electric engine car
Blue Bayou/Plage Ouest, 34350 /Vendres/France;Netherlands;Amsterdam Westpoort;2022;Train
València/Carrer Riu Túria, 1, 46530 /Puçol/Espagne;France;Paris 01;2014;Combustion engine car
València/Carrer Riu Túria, 1, 46530 /Puçol/Espagne;France;Saint-Quentin-en-Yvelines;2017;Electric engine car
Belle Plage/ Rue de l'Anse du Stole 56270 /Ploemeur/ France;Sweden;Örebro;2023;Combustion engine car
Cap Sud/ Plage de Cap Sud, 20215 /Venzolasca/ France;Sweden;Trollhättan;2022;Combustion engine car
Blue Bayou/Plage Ouest, 34350 /Vendres/France;Sweden;Järfälla;2023;Train
Blue Bayou/Plage Ouest, 34350 /Vendres/France;France;Paris 19;2020;Bus
Blue Bayou/Plage Ouest, 34350 /Vendres/France;France;Saint-Avold;2015;Bus
València/Carrer Riu Túria, 1, 46530 /Puçol/Espagne;Sweden;Asarum;2016;Electric engine car
Blue Bayou/Plage Ouest, 34350 /Vendres/France;Sweden;Göteborg;2019;Electric engine car
València/Carrer Riu Túria, 1, 46530 /Puçol/Espagne;Sweden;Hyltebruk;2019;Bus
Belle Plage/ Rue de l'Anse du Stole 56270 /Ploemeur/ France;France;Domont;2014;Combustion engine car
València/Carrer Riu Túria, 1, 46530 /Puçol/Espagne;France;Cagnes-sur-Mer;2018;Combustion engine car
València/Carrer Riu Túria, 1, 46530 /Puçol/Espagne;Norway;Trondheim;2022;Combustion engine car
Blue Bayou/Plage Ouest, 34350 /Vendres/France;Finland;Kiiminki;2017;Electric engine car
València/Carrer Riu Túria, 1, 46530 /Puçol/Espagne;Sweden;Billdal;2018;Electric engine car
València/Carrer Riu Túria, 1, 46530 /Puçol/Espagne;France;Puteaux;2015;Electric engine car
Blue Bayou/Plage Ouest, 34350 /Vendres/France;Germany;Braunschweig;2020;Combustion engine car
Belle Plage/ Rue de l'Anse du Stole 56270 /Ploemeur/ France;France;Brest;2016;Combustion engine car
València/Carrer Riu Túria, 1, 46530 /Puçol/Espagne;France;Mâcon;2013;Combustion engine car
València/Carrer Riu Túria, 1, 46530 /Puçol/Espagne;Norway;Oslo;2019;Combustion engine car
Cap Sud/ Plage de Cap Sud, 20215 /Venzolasca/ France;Sweden;Knivsta;2013;Combustion engine car
València/Carrer Riu Túria, 1, 46530 /Puçol/Espagne;France;Saint-Claude;2019;Bus
Blue Bayou/Plage Ouest, 34350 /Vendres/France;France;Colmar;2018;Combustion engine car
Cap Sud/ Plage de Cap Sud, 20215 /Venzolasca/ France;France;Chamalières;2017;Combustion engine car
Blue Bayou/Plage Ouest, 34350 /Vendres/France;Sweden;Stockholm;2020;Combustion engine car
València/Carrer Riu Túria, 1, 46530 /Puçol/Espagne;Sweden;Solna;2015;Combustion engine car
Cap Sud/ Plage de Cap Sud, 20215 /Venzolasca/ France;France;Le Havre;2016;Train
Belle Plage/ Rue de l'Anse du Stole 56270 /Ploemeur/ France;France;Paris 16;2022;Combustion engine car
Blue Bayou/Plage Ouest, 34350 /Vendres/France;France;Bagneux;2018;Bus
Belle Plage/ Rue de l'Anse du Stole 56270 /Ploemeur/ France;France;Paris La Défense;2014;Combustion engine car
València/Carrer Riu Túria, 1, 46530 /Puçol/Espagne;Sweden;Partille;2014;Electric engine car
Cap Sud/ Plage de Cap Sud, 20215 /Venzolasca/ France;France;Charleville-Mézières;2020;Combustion engine car
Belle Plage/ Rue de l'Anse du Stole 56270 /Ploemeur/ France;Sweden;Trollhättan;2017;Combustion engine car
Blue Bayou/Plage Ouest, 34350 /Vendres/France;Sweden;Karlskoga;2020;Combustion engine car
Belle Plage/ Rue de l'Anse du Stole 56270 /Ploemeur/ France;Sweden;Hovås;2022;Train
València/Carrer Riu Túria, 1, 46530 /Puçol/Espagne;Sweden;Karlstad;2014;Bus
Belle Plage/ Rue de l'Anse du Stole 56270 /Ploemeur/ France;Germany;Hamburg Harvestehude;2020;Combustion engine car
Cap Sud/ Plage de Cap Sud, 20215 /Venzolasca/ France;Sweden;Johanneshov;2017;Combustion engine car
Blue Bayou/Plage Ouest, 34350 /Vendres/France;Sweden;Gävle;2021;Train
Blue Bayou/Plage Ouest, 34350 /Vendres/France;France;Nanterre;2019;Electric engine car
Cap Sud/ Plage de Cap Sud, 20215 /Venzolasca/ France;France;Paris 10;2017;Electric engine car
Cap Sud/ Plage de Cap Sud, 20215 /Venzolasca/ France;France;Le Mans;2022;Bus
Belle Plage/ Rue de l'Anse du Stole 56270 /Ploemeur/ France;France;La Rochelle;2013;Combustion engine car
Cap Sud/ Plage de Cap Sud, 20215 /Venzolasca/ France;Denmark;Frederiksberg;2013;Combustion engine car
Belle Plage/ Rue de l'Anse du Stole 56270 /Ploemeur/ France;Norway;Oslo;2021;Combustion engine car
Cap Sud/ Plage de Cap Sud, 20215 /Venzolasca/ France;Norway;Larvik;2020;Train
Blue Bayou/Plage Ouest, 34350 /Vendres/France;Sweden;Lidköping;2020;Combustion engine car
València/Carrer Riu Túria, 1, 46530 /Puçol/Espagne;Sweden;Tranås;2015;Bus
València/Carrer Riu Túria, 1, 46530 /Puçol/Espagne;France;Saint-Louis;2014;Combustion engine car
Cap Sud/ Plage de Cap Sud, 20215 /Venzolasca/ France;France;Auch;2021;Combustion engine car
Blue Bayou/Plage Ouest, 34350 /Vendres/France;France;Blois;2015;Combustion engine car
Belle Plage/ Rue de l'Anse du Stole 56270 /Ploemeur/ France;Norway;Larvik;2017;Bus
València/Carrer Riu Túria, 1, 46530 /Puçol/Espagne;France;Orléans;2022;Train
Blue Bayou/Plage Ouest, 34350 /Vendres/France;Sweden;Bromma;2014;Electric engine car
Cap Sud/ Plage de Cap Sud, 20215 /Venzolasca/ France;France;Parthenay;2017;Combustion engine car
Belle Plage/ Rue de l'Anse du Stole 56270 /Ploemeur/ France;France;Évry;2014;Train
Belle Plage/ Rue de l'Anse du Stole 56270 /Ploemeur/ France;France;Tours;2022;Bus
València/Carrer Riu Túria, 1, 46530 /Puçol/Espagne;France;Chaumont;2016;Combustion engine car
Belle Plage/ Rue de l'Anse du Stole 56270 /Ploemeur/ France;France;Coulommiers;2013;Combustion engine car
València/Carrer Riu Túria, 1, 46530 /Puçol/Espagne;Sweden;Älvdalen;2015;Train
València/Carrer Riu Túria, 1, 46530 /Puçol/Espagne;Sweden;Göteborg;2021;Combustion engine car
Cap Sud/ Plage de Cap Sud, 20215 /Venzolasca/ France;France;Brest;2022;Combustion engine car
València/Carrer Riu Túria, 1, 46530 /Puçol/Espagne;France;Bobigny;2018;Combustion engine car
Cap Sud/ Plage de Cap Sud, 20215 /Venzolasca/ France;Sweden;Linköping;2021;Combustion engine car
València/Carrer Riu Túria, 1, 46530 /Puçol/Espagne;France;Blois;2021;Combustion engine car
Belle Plage/ Rue de l'Anse du Stole 56270 /Ploemeur/ France;France;Thaon-les-Vosges;2019;Combustion engine car
Belle Plage/ Rue de l'Anse du Stole 56270 /Ploemeur/ France;Sweden;Örebro;2021;Combustion engine car
Cap Sud/ Plage de Cap Sud, 20215 /Venzolasca/ France;France;Toulon;2018;Combustion engine car
Cap Sud/ Plage de Cap Sud, 20215 /Venzolasca/ France;France;Pau;2013;Combustion engine car
València/Carrer Riu Túria, 1, 46530 /Puçol/Espagne;Norway;Stavanger;2022;Combustion engine car
Blue Bayou/Plage Ouest, 34350 /Vendres/France;Norway;Kongsvinger;2021;Train
Cap Sud/ Plage de Cap Sud, 20215 /Venzolasca/ France;France;Paris 10;2019;Combustion engine car
València/Carrer Riu Túria, 1, 46530 /Puçol/Espagne;France;Neuilly-sur-Seine;2022;Electric engine car
Blue Bayou/Plage Ouest, 34350 /Vendres/France;France;Obernai;2019;Combustion engine car
Blue Bayou/Plage Ouest, 34350 /Vendres/France;Sweden;Timrå;2014;Bus
València/Carrer Riu Túria, 1, 46530 /Puçol/Espagne;Sweden;Sollefteå;2019;Combustion engine car
Belle Plage/ Rue de l'Anse du Stole 56270 /Ploemeur/ France;France;Roissy Charles-de-Gaulle;2013;Combustion engine car
Belle Plage/ Rue de l'Anse du Stole 56270 /Ploemeur/ France;France;Les Sables-d'Olonne;2013;Electric engine car
Cap Sud/ Plage de Cap Sud, 20215 /Venzolasca/ France;France;Saint-Herblain;2014;Combustion engine car
Cap Sud/ Plage de Cap Sud, 20215 /Venzolasca/ France;Sweden;Rönninge;2022;Combustion engine car
València/Carrer Riu Túria, 1, 46530 /Puçol/Espagne;Netherlands;Almere Haven;2022;Electric engine car
València/Carrer Riu Túria, 1, 46530 /Puçol/Espagne;Sweden;Stockholm;2015;Combustion engine car
València/Carrer Riu Túria, 1, 46530 /Puçol/Espagne;France;Carcassonne;2017;Combustion engine car
Cap Sud/ Plage de Cap Sud, 20215 /Venzolasca/ France;France;Rouen;2016;Bus
Blue Bayou/Plage Ouest, 34350 /Vendres/France;Netherlands;Soest;2019;Bus
València/Carrer Riu Túria, 1, 46530 /Puçol/Espagne;Sweden;Tierp;2022;Combustion engine car
Blue Bayou/Plage Ouest, 34350 /Vendres/France;Norway;Trondheim;2014;Combustion engine car
Blue Bayou/Plage Ouest, 34350 /Vendres/France;Sweden;Borgholm;2023;Combustion engine car
València/Carrer Riu Túria, 1, 46530 /Puçol/Espagne;Norway;Trondheim;2019;Combustion engine car
Belle Plage/ Rue de l'Anse du Stole 56270 /Ploemeur/ France;Germany;Hamburg Winterhude;2013;Combustion engine car
Cap Sud/ Plage de Cap Sud, 20215 /Venzolasca/ France;France;Grenoble;2016;Combustion engine car
València/Carrer Riu Túria, 1, 46530 /Puçol/Espagne;France;Niort;2022;Combustion engine car
Belle Plage/ Rue de l'Anse du Stole 56270 /Ploemeur/ France;Sweden;Luleå;2013;Combustion engine car
Belle Plage/ Rue de l'Anse du Stole 56270 /Ploemeur/ France;France;Bordeaux;2019;Bus
Blue Bayou/Plage Ouest, 34350 /Vendres/France;Sweden;Norrköping;2020;Combustion engine car
Cap Sud/ Plage de Cap Sud, 20215 /Venzolasca/ France;Sweden;Huddinge;2014;Train
Cap Sud/ Plage de Cap Sud, 20215 /Venzolasca/ France;Sweden;Stockholm;2017;Combustion engine car
València/Carrer Riu Túria, 1, 46530 /Puçol/Espagne;France;Blois;2023;Electric engine car
Blue Bayou/Plage Ouest, 34350 /Vendres/France;Norway;Oslo;2022;Combustion engine car
Cap Sud/ Plage de Cap Sud, 20215 /Venzolasca/ France;Sweden;Motala;2020;Combustion engine car
València/Carrer Riu Túria, 1, 46530 /Puçol/Espagne;France;Amiens;2015;Train
Blue Bayou/Plage Ouest, 34350 /Vendres/France;Sweden;Stocksund;2018;Combustion engine car
Blue Bayou/Plage Ouest, 34350 /Vendres/France;Sweden;Uppsala;2013;Combustion engine car
Cap Sud/ Plage de Cap Sud, 20215 /Venzolasca/ France;France;Nantes;2020;Bus
Belle Plage/ Rue de l'Anse du Stole 56270 /Ploemeur/ France;Sweden;Karlskoga;2020;Bus
Blue Bayou/Plage Ouest, 34350 /Vendres/France;France;La Plaine-Saint-Denis;2022;Electric engine car
Blue Bayou/Plage Ouest, 34350 /Vendres/France;Sweden;Göteborg;2016;Bus
València/Carrer Riu Túria, 1, 46530 /Puçol/Espagne;France;Paris 13;2017;Combustion engine car
Cap Sud/ Plage de Cap Sud, 20215 /Venzolasca/ France;Finland;Vuokatti;2017;Train
Blue Bayou/Plage Ouest, 34350 /Vendres/France;Germany;Hannover;2015;Train
Blue Bayou/Plage Ouest, 34350 /Vendres/France;Sweden;Nora;2013;Combustion engine car
València/Carrer Riu Túria, 1, 46530 /Puçol/Espagne;France;Melun;2022;Train
Cap Sud/ Plage de Cap Sud, 20215 /Venzolasca/ France;Germany;Wetzlar;2023;Combustion engine car
Cap Sud/ Plage de Cap Sud, 20215 /Venzolasca/ France;Sweden;Nyköping;2016;Bus
Blue Bayou/Plage Ouest, 34350 /Vendres/France;France;Mazamet;2014;Combustion engine car
València/Carrer Riu Túria, 1, 46530 /Puçol/Espagne;Sweden;Munkedal;2021;Combustion engine car
Cap Sud/ Plage de Cap Sud, 20215 /Venzolasca/ France;France;Étampes;2023;Electric engine car
Blue Bayou/Plage Ouest, 34350 /Vendres/France;France;Toulon;2022;Bus
Belle Plage/ Rue de l'Anse du Stole 56270 /Ploemeur/ France;Sweden;Ingarö;2015;Combustion engine car
Belle Plage/ Rue de l'Anse du Stole 56270 /Ploemeur/ France;France;Saint-Flour;2016;Electric engine car
València/Carrer Riu Túria, 1, 46530 /Puçol/Espagne;Sweden;Strängnäs;2020;Combustion engine car
Belle Plage/ Rue de l'Anse du Stole 56270 /Ploemeur/ France;Sweden;Södertälje;2021;Electric engine car
Belle Plage/ Rue de l'Anse du Stole 56270 /Ploemeur/ France;Finland;Petäjävesi;2015;Combustion engine car
València/Carrer Riu Túria, 1, 46530 /Puçol/Espagne;Sweden;Arlöv;2023;Combustion engine car
València/Carrer Riu Túria, 1, 46530 /Puçol/Espagne;France;Paris La Défense;2016;Electric engine car
València/Carrer Riu Túria, 1, 46530 /Puçol/Espagne;Sweden;Eskilstuna;2017;Combustion engine car
Cap Sud/ Plage de Cap Sud, 20215 /Venzolasca/ France;France;Sartrouville;2014;Combustion engine car
Cap Sud/ Plage de Cap Sud, 20215 /Venzolasca/ France;France;Issoire;2019;Electric engine car
València/Carrer Riu Túria, 1, 46530 /Puçol/Espagne;France;Toulouse;2021;Train
Belle Plage/ Rue de l'Anse du Stole 56270 /Ploemeur/ France;Sweden;Söderköping;2016;Train
Cap Sud/ Plage de Cap Sud, 20215 /Venzolasca/ France;Norway;Sandvika;2013;Train
València/Carrer Riu Túria, 1, 46530 /Puçol/Espagne;Sweden;Södertälje;2022;Combustion engine car
Belle Plage/ Rue de l'Anse du Stole 56270 /Ploemeur/ France;France;Chambray-lès-Tours;2022;Combustion engine car
Blue Bayou/Plage Ouest, 34350 /Vendres/France;Sweden;Luleå;2020;Combustion engine car
Blue Bayou/Plage Ouest, 34350 /Vendres/France;Sweden;Robertsfors;2016;Bus
Belle Plage/ Rue de l'Anse du Stole 56270 /Ploemeur/ France;Sweden;Enskededalen;2017;Bus
Cap Sud/ Plage de Cap Sud, 20215 /Venzolasca/ France;France;Frontignan;2015;Combustion engine car
València/Carrer Riu Túria, 1, 46530 /Puçol/Espagne;Sweden;Haninge;2014;Combustion engine car
Belle Plage/ Rue de l'Anse du Stole 56270 /Ploemeur/ France;Sweden;Kallinge;2021;Train
Blue Bayou/Plage Ouest, 34350 /Vendres/France;Sweden;Lidingö;2018;Train
Cap Sud/ Plage de Cap Sud, 20215 /Venzolasca/ France;France;Romans-sur-Isère;2022;Bus
València/Carrer Riu Túria, 1, 46530 /Puçol/Espagne;France;Paris 17;2015;Bus
Cap Sud/ Plage de Cap Sud, 20215 /Venzolasca/ France;France;Massy;2020;Bus
Belle Plage/ Rue de l'Anse du Stole 56270 /Ploemeur/ France;Sweden;Helsingborg;2023;Bus
Blue Bayou/Plage Ouest, 34350 /Vendres/France;France;Alfortville;2019;Combustion engine car
Blue Bayou/Plage Ouest, 34350 /Vendres/France;Germany;Bielefeld;2013;Train
Belle Plage/ Rue de l'Anse du Stole 56270 /Ploemeur/ France;Sweden;Dalsjöfors;2018;Train
Blue Bayou/Plage Ouest, 34350 /Vendres/France;Sweden;Vårby;2014;Combustion engine car
València/Carrer Riu Túria, 1, 46530 /Puçol/Espagne;France;Bonneville;2014;Bus
Blue Bayou/Plage Ouest, 34350 /Vendres/France;Sweden;Bollnäs;2021;Combustion engine car
Blue Bayou/Plage Ouest, 34350 /Vendres/France;Sweden;Ånge;2013;Combustion engine car
Cap Sud/ Plage de Cap Sud, 20215 /Venzolasca/ France;France;Palaiseau;2023;Electric engine car
Belle Plage/ Rue de l'Anse du Stole 56270 /Ploemeur/ France;Germany;Berlin;2013;Train
València/Carrer Riu Túria, 1, 46530 /Puçol/Espagne;Sweden;Sala;2020;Combustion engine car
Blue Bayou/Plage Ouest, 34350 /Vendres/France;France;Neuilly-sur-Marne;2021;Train
Blue Bayou/Plage Ouest, 34350 /Vendres/France;France;Caen;2013;Combustion engine car
Belle Plage/ Rue de l'Anse du Stole 56270 /Ploemeur/ France;Germany;Dillenburg;2015;Electric engine car
Blue Bayou/Plage Ouest, 34350 /Vendres/France;France;Chartres;2017;Combustion engine car
Blue Bayou/Plage Ouest, 34350 /Vendres/France;France;Thaon-les-Vosges;2023;Combustion engine car
València/Carrer Riu Túria, 1, 46530 /Puçol/Espagne;France;Taverny;2018;Combustion engine car
València/Carrer Riu Túria, 1, 46530 /Puçol/Espagne;Denmark;København;2014;Electric engine car
València/Carrer Riu Túria, 1, 46530 /Puçol/Espagne;France;Vitry-sur-Seine;2021;Combustion engine car
València/Carrer Riu Túria, 1, 46530 /Puçol/Espagne;Sweden;Nybro;2014;Train
Blue Bayou/Plage Ouest, 34350 /Vendres/France;France;Vedène;2022;Combustion engine car
Belle Plage/ Rue de l'Anse du Stole 56270 /Ploemeur/ France;France;Cambrai;2017;Combustion engine car
Cap Sud/ Plage de Cap Sud, 20215 /Venzolasca/ France;Sweden;Boden;2018;Electric engine car
Belle Plage/ Rue de l'Anse du Stole 56270 /Ploemeur/ France;Sweden;Luleå;2017;Train
Belle Plage/ Rue de l'Anse du Stole 56270 /Ploemeur/ France;Sweden;Stockholm;2016;Combustion engine car
Cap Sud/ Plage de Cap Sud, 20215 /Venzolasca/ France;Sweden;Vällingby;2016;Bus
València/Carrer Riu Túria, 1, 46530 /Puçol/Espagne;Finland;Pieksämäki;2017;Combustion engine car
Belle Plage/ Rue de l'Anse du Stole 56270 /Ploemeur/ France;France;Paris 12;2020;Combustion engine car
Cap Sud/ Plage de Cap Sud, 20215 /Venzolasca/ France;Sweden;Mora;2022;Combustion engine car
Blue Bayou/Plage Ouest, 34350 /Vendres/France;France;Le Blanc-Mesnil;2018;Combustion engine car
Belle Plage/ Rue de l'Anse du Stole 56270 /Ploemeur/ France;Sweden;Säffle;2019;Combustion engine car
Cap Sud/ Plage de Cap Sud, 20215 /Venzolasca/ France;Denmark;København;2022;Combustion engine car
Belle Plage/ Rue de l'Anse du Stole 56270 /Ploemeur/ France;Sweden;Falkenberg;2017;Bus
València/Carrer Riu Túria, 1, 46530 /Puçol/Espagne;Norway;Tromsø;2017;Train
València/Carrer Riu Túria, 1, 46530 /Puçol/Espagne;Sweden;Sollebrunn;2018;Electric engine car
Cap Sud/ Plage de Cap Sud, 20215 /Venzolasca/ France;Norway;Oslo;2016;Combustion engine car
Blue Bayou/Plage Ouest, 34350 /Vendres/France;Sweden;Göteborg;2016;Electric engine car
València/Carrer Riu Túria, 1, 46530 /Puçol/Espagne;Netherlands;Geldrop;2015;Train
Cap Sud/ Plage de Cap Sud, 20215 /Venzolasca/ France;France;Saint-Julien-en-Genevois;2018;Electric engine car
Cap Sud/ Plage de Cap Sud, 20215 /Venzolasca/ France;France;Vannes;2014;Electric engine car
Cap Sud/ Plage de Cap Sud, 20215 /Venzolasca/ France;Sweden;Stockholm;2018;Electric engine car
Cap Sud/ Plage de Cap Sud, 20215 /Venzolasca/ France;France;Avignon;2020;Combustion engine car
Belle Plage/ Rue de l'Anse du Stole 56270 /Ploemeur/ France;Switzerland;Chur;2018;Train
Blue Bayou/Plage Ouest, 34350 /Vendres/France;Sweden;Töreboda;2017;Train
València/Carrer Riu Túria, 1, 46530 /Puçol/Espagne;Norway;Oslo;2019;Combustion engine car
València/Carrer Riu Túria, 1, 46530 /Puçol/Espagne;Sweden;Lidingö;2023;Combustion engine car
Belle Plage/ Rue de l'Anse du Stole 56270 /Ploemeur/ France;France;Tarbes;2019;Combustion engine car
Blue Bayou/Plage Ouest, 34350 /Vendres/France;France;Armentières;2019;Combustion engine car
Cap Sud/ Plage de Cap Sud, 20215 /Venzolasca/ France;Finland;Lappeenranta;2017;Bus
Belle Plage/ Rue de l'Anse du Stole 56270 /Ploemeur/ France;France;Orly aérogare;2013;Train
Belle Plage/ Rue de l'Anse du Stole 56270 /Ploemeur/ France;France;Évreux;2018;Combustion engine car
Cap Sud/ Plage de Cap Sud, 20215 /Venzolasca/ France;France;Belfort;2017;Combustion engine car
Belle Plage/ Rue de l'Anse du Stole 56270 /Ploemeur/ France;France;Amiens;2019;Combustion engine car
Cap Sud/ Plage de Cap Sud, 20215 /Venzolasca/ France;France;Paris 14;2015;Bus
Cap Sud/ Plage de Cap Sud, 20215 /Venzolasca/ France;Finland;Turku;2014;Train
Cap Sud/ Plage de Cap Sud, 20215 /Venzolasca/ France;Sweden;Mora;2020;Combustion engine car
Blue Bayou/Plage Ouest, 34350 /Vendres/France;Switzerland;Luzern;2015;Electric engine car
València/Carrer Riu Túria, 1, 46530 /Puçol/Espagne;Norway;Oslo;2023;Combustion engine car
Blue Bayou/Plage Ouest, 34350 /Vendres/France;France;Beauvais;2018;Combustion engine car
València/Carrer Riu Túria, 1, 46530 /Puçol/Espagne;France;Avranches;2017;Combustion engine car
Belle Plage/ Rue de l'Anse du Stole 56270 /Ploemeur/ France;Finland;Sibbo;2015;Combustion engine car
Cap Sud/ Plage de Cap Sud, 20215 /Venzolasca/ France;Germany;Leipzig;2014;Electric engine car
Blue Bayou/Plage Ouest, 34350 /Vendres/France;Germany;Nürnberg;2021;Train
València/Carrer Riu Túria, 1, 46530 /Puçol/Espagne;Norway;Trondheim;2020;Bus
Belle Plage/ Rue de l'Anse du Stole 56270 /Ploemeur/ France;Netherlands;Leeuwarden;2022;Train
Cap Sud/ Plage de Cap Sud, 20215 /Venzolasca/ France;France;Paris La Défense;2015;Combustion engine car
Cap Sud/ Plage de Cap Sud, 20215 /Venzolasca/ France;France;Évry;2014;Train
Blue Bayou/Plage Ouest, 34350 /Vendres/France;Germany;Hamburg;2021;Electric engine car
València/Carrer Riu Túria, 1, 46530 /Puçol/Espagne;Sweden;Borås;2022;Bus
Belle Plage/ Rue de l'Anse du Stole 56270 /Ploemeur/ France;France;Abbeville;2015;Electric engine car
València/Carrer Riu Túria, 1, 46530 /Puçol/Espagne;France;Paris 15;2013;Electric engine car
Cap Sud/ Plage de Cap Sud, 20215 /Venzolasca/ France;Sweden;Järna;2020;Train
València/Carrer Riu Túria, 1, 46530 /Puçol/Espagne;France;Poitiers;2015;Combustion engine car
Cap Sud/ Plage de Cap Sud, 20215 /Venzolasca/ France;France;Lyon;2021;Electric engine car
Blue Bayou/Plage Ouest, 34350 /Vendres/France;Norway;Stavanger;2021;Bus
València/Carrer Riu Túria, 1, 46530 /Puçol/Espagne;Sweden;Pajala;2015;Combustion engine car
Belle Plage/ Rue de l'Anse du Stole 56270 /Ploemeur/ France;France;Rueil-Malmaison;2022;Combustion engine car
Cap Sud/ Plage de Cap Sud, 20215 /Venzolasca/ France;France;Avignon;2017;Electric engine car
Blue Bayou/Plage Ouest, 34350 /Vendres/France;Finland;Hollola;2019;Combustion engine car
Belle Plage/ Rue de l'Anse du Stole 56270 /Ploemeur/ France;Netherlands;Almelo;2022;Combustion engine car
Blue Bayou/Plage Ouest, 34350 /Vendres/France;France;Tourcoing;2022;Train
València/Carrer Riu Túria, 1, 46530 /Puçol/Espagne;Finland;Hartola;2018;Combustion engine car
València/Carrer Riu Túria, 1, 46530 /Puçol/Espagne;Netherlands;Amsterdam Oud Zuid en Rivierenbuurt;2020;Combustion engine car
Belle Plage/ Rue de l'Anse du Stole 56270 /Ploemeur/ France;France;Avignon;2014;Combustion engine car
Cap Sud/ Plage de Cap Sud, 20215 /Venzolasca/ France;France;Le Mans;2023;Train
Cap Sud/ Plage de Cap Sud, 20215 /Venzolasca/ France;France;Arcachon;2023;Combustion engine car
Cap Sud/ Plage de Cap Sud, 20215 /Venzolasca/ France;Sweden;Vaxholm;2022;Train
Cap Sud/ Plage de Cap Sud, 20215 /Venzolasca/ France;Sweden;Gnosjö;2020;Train
València/Carrer Riu Túria, 1, 46530 /Puçol/Espagne;Germany;Nürnberg;2014;Electric engine car
Blue Bayou/Plage Ouest, 34350 /Vendres/France;France;Saint-Denis;2019;Combustion engine car
Blue Bayou/Plage Ouest, 34350 /Vendres/France;Norway;Porsgrunn;2019;Combustion engine car
Cap Sud/ Plage de Cap Sud, 20215 /Venzolasca/ France;Germany;Berlin;2013;Electric engine car
Cap Sud/ Plage de Cap Sud, 20215 /Venzolasca/ France;Sweden;Karlshamn;2016;Train
Belle Plage/ Rue de l'Anse du Stole 56270 /Ploemeur/ France;France;Lyon;2016;Combustion engine car
Cap Sud/ Plage de Cap Sud, 20215 /Venzolasca/ France;France;Istres;2013;Combustion engine car
València/Carrer Riu Túria, 1, 46530 /Puçol/Espagne;Sweden;Skara;2013;Combustion engine car
València/Carrer Riu Túria, 1, 46530 /Puçol/Espagne;Sweden;Töreboda;2015;Combustion engine car
Belle Plage/ Rue de l'Anse du Stole 56270 /Ploemeur/ France;France;La Talaudière;2016;Combustion engine car
Belle Plage/ Rue de l'Anse du Stole 56270 /Ploemeur/ France;Finland;Karvia;2017;Combustion engine car
Cap Sud/ Plage de Cap Sud, 20215 /Venzolasca/ France;France;Rungis;2016;Combustion engine car
Blue Bayou/Plage Ouest, 34350 /Vendres/France;France;Tassin-la-Demi-Lune;2017;Bus
Blue Bayou/Plage Ouest, 34350 /Vendres/France;Sweden;Stockholm;2013;Bus
Blue Bayou/Plage Ouest, 34350 /Vendres/France;France;Nantes;2015;Combustion engine car
Belle Plage/ Rue de l'Anse du Stole 56270 /Ploemeur/ France;Sweden;Danderyd;2018;Train
Cap Sud/ Plage de Cap Sud, 20215 /Venzolasca/ France;Sweden;Borås;2019;Electric engine car
València/Carrer Riu Túria, 1, 46530 /Puçol/Espagne;Sweden;Degeberga;2019;Train
Cap Sud/ Plage de Cap Sud, 20215 /Venzolasca/ France;Norway;Skien;2019;Train
Cap Sud/ Plage de Cap Sud, 20215 /Venzolasca/ France;Finland;Pieksämäki;2013;Combustion engine car
Blue Bayou/Plage Ouest, 34350 /Vendres/France;Finland;Kiukainen;2019;Combustion engine car
València/Carrer Riu Túria, 1, 46530 /Puçol/Espagne;France;Reims;2018;Combustion engine car
València/Carrer Riu Túria, 1, 46530 /Puçol/Espagne;France;Châteaurenard;2015;Bus
Belle Plage/ Rue de l'Anse du Stole 56270 /Ploemeur/ France;Finland;Pyhäranta;2015;Combustion engine car
Cap Sud/ Plage de Cap Sud, 20215 /Venzolasca/ France;Germany;München;2013;Combustion engine car
Cap Sud/ Plage de Cap Sud, 20215 /Venzolasca/ France;Germany;Hamburg;2021;Train
Cap Sud/ Plage de Cap Sud, 20215 /Venzolasca/ France;Norway;Horten;2013;Electric engine car
Belle Plage/ Rue de l'Anse du Stole 56270 /Ploemeur/ France;Sweden;Linköping;2016;Combustion engine car
Belle Plage/ Rue de l'Anse du Stole 56270 /Ploemeur/ France;Sweden;Värnamo;2022;Train
València/Carrer Riu Túria, 1, 46530 /Puçol/Espagne;France;Gap;2022;Electric engine car
València/Carrer Riu Túria, 1, 46530 /Puçol/Espagne;Finland;Tuusniemi;2017;Bus
València/Carrer Riu Túria, 1, 46530 /Puçol/Espagne;France;Annecy;2014;Combustion engine car
València/Carrer Riu Túria, 1, 46530 /Puçol/Espagne;Sweden;Eksjö;2022;Electric engine car
Belle Plage/ Rue de l'Anse du Stole 56270 /Ploemeur/ France;Sweden;Luleå;2017;Combustion engine car
Blue Bayou/Plage Ouest, 34350 /Vendres/France;Sweden;Karlstad;2020;Train
València/Carrer Riu Túria, 1, 46530 /Puçol/Espagne;France;Saint-Priest;2018;Electric engine car
Belle Plage/ Rue de l'Anse du Stole 56270 /Ploemeur/ France;France;Meylan;2020;Train
Blue Bayou/Plage Ouest, 34350 /Vendres/France;Norway;Stord;2013;Bus
Cap Sud/ Plage de Cap Sud, 20215 /Venzolasca/ France;Sweden;Järfälla;2018;Combustion engine car
Cap Sud/ Plage de Cap Sud, 20215 /Venzolasca/ France;France;Paris 10;2013;Combustion engine car
Cap Sud/ Plage de Cap Sud, 20215 /Venzolasca/ France;Sweden;Munkfors;2014;Electric engine car
Belle Plage/ Rue de l'Anse du Stole 56270 /Ploemeur/ France;Sweden;Karlskoga;2013;Train
Cap Sud/ Plage de Cap Sud, 20215 /Venzolasca/ France;Sweden;Sävsjö;2015;Combustion engine car
València/Carrer Riu Túria, 1, 46530 /Puçol/Espagne;Sweden;Tidaholm;2020;Combustion engine car
València/Carrer Riu Túria, 1, 46530 /Puçol/Espagne;France;Creil;2015;Bus
Cap Sud/ Plage de Cap Sud, 20215 /Venzolasca/ France;Sweden;Eskilstuna;2016;Train
Blue Bayou/Plage Ouest, 34350 /Vendres/France;Finland;Hartola;2015;Train
València/Carrer Riu Túria, 1, 46530 /Puçol/Espagne;Germany;Stuttgart Stuttgart-Mitte;2013;Bus
Blue Bayou/Plage Ouest, 34350 /Vendres/France;Sweden;Ystad;2014;Combustion engine car
Belle Plage/ Rue de l'Anse du Stole 56270 /Ploemeur/ France;Sweden;Norrtälje;2018;Combustion engine car
Belle Plage/ Rue de l'Anse du Stole 56270 /Ploemeur/ France;Denmark;København;2019;Bus
València/Carrer Riu Túria, 1, 46530 /Puçol/Espagne;France;Nice;2019;Bus
Belle Plage/ Rue de l'Anse du Stole 56270 /Ploemeur/ France;France;Bobigny;2020;Combustion engine car
Cap Sud/ Plage de Cap Sud, 20215 /Venzolasca/ France;France;Lillers;2020;Combustion engine car
València/Carrer Riu Túria, 1, 46530 /Puçol/Espagne;France;Rouen;2018;Combustion engine car
Blue Bayou/Plage Ouest, 34350 /Vendres/France;France;Roissy Charles-de-Gaulle;2021;Bus
Cap Sud/ Plage de Cap Sud, 20215 /Venzolasca/ France;Netherlands;Nijmegen;2022;Combustion engine car
Cap Sud/ Plage de Cap Sud, 20215 /Venzolasca/ France;France;Metz;2019;Bus
Belle Plage/ Rue de l'Anse du Stole 56270 /Ploemeur/ France;France;Caen;2014;Electric engine car
Cap Sud/ Plage de Cap Sud, 20215 /Venzolasca/ France;France;Neuilly-sur-Seine;2016;Bus
València/Carrer Riu Túria, 1, 46530 /Puçol/Espagne;Finland;Renko;2015;Electric engine car
Cap Sud/ Plage de Cap Sud, 20215 /Venzolasca/ France;Finland;Kristinestad;2015;Electric engine car
Belle Plage/ Rue de l'Anse du Stole 56270 /Ploemeur/ France;France;Montpellier;2021;Train
Cap Sud/ Plage de Cap Sud, 20215 /Venzolasca/ France;Switzerland;Basel;2018;Combustion engine car
Belle Plage/ Rue de l'Anse du Stole 56270 /Ploemeur/ France;France;Saint-Lô;2015;Bus
Belle Plage/ Rue de l'Anse du Stole 56270 /Ploemeur/ France;France;Cergy-Pontoise;2022;Combustion engine car
Cap Sud/ Plage de Cap Sud, 20215 /Venzolasca/ France;Norway;Stavanger;2014;Combustion engine car
València/Carrer Riu Túria, 1, 46530 /Puçol/Espagne;Sweden;Österbybruk;2014;Electric engine car
València/Carrer Riu Túria, 1, 46530 /Puçol/Espagne;Germany;Bremen;2016;Bus
València/Carrer Riu Túria, 1, 46530 /Puçol/Espagne;France;Paris 10;2015;Combustion engine car
Cap Sud/ Plage de Cap Sud, 20215 /Venzolasca/ France;Sweden;Hofors;2015;Combustion engine car
Blue Bayou/Plage Ouest, 34350 /Vendres/France;Sweden;Norrtälje;2022;Combustion engine car
Cap Sud/ Plage de Cap Sud, 20215 /Venzolasca/ France;Netherlands;Alkmaar;2021;Train
Cap Sud/ Plage de Cap Sud, 20215 /Venzolasca/ France;France;Privas;2023;Combustion engine car
Blue Bayou/Plage Ouest, 34350 /Vendres/France;Finland;Taipalsaari;2022;Combustion engine car
Blue Bayou/Plage Ouest, 34350 /Vendres/France;France;Bayonne;2019;Combustion engine car
València/Carrer Riu Túria, 1, 46530 /Puçol/Espagne;Norway;Oslo;2015;Combustion engine car
Blue Bayou/Plage Ouest, 34350 /Vendres/France;Sweden;Frösön;2013;Combustion engine car
València/Carrer Riu Túria, 1, 46530 /Puçol/Espagne;Sweden;Borås;2016;Train
Blue Bayou/Plage Ouest, 34350 /Vendres/France;Germany;Leipzig;2015;Electric engine car
València/Carrer Riu Túria, 1, 46530 /Puçol/Espagne;France;La Garenne-Colombes;2015;Combustion engine car
València/Carrer Riu Túria, 1, 46530 /Puçol/Espagne;France;Chambéry;2018;Combustion engine car
Belle Plage/ Rue de l'Anse du Stole 56270 /Ploemeur/ France;Sweden;Köping;2021;Train
Blue Bayou/Plage Ouest, 34350 /Vendres/France;France;Angoulême;2013;Electric engine car
Cap Sud/ Plage de Cap Sud, 20215 /Venzolasca/ France;Sweden;Karlshamn;2018;Train
Blue Bayou/Plage Ouest, 34350 /Vendres/France;Norway;Bergen;2015;Combustion engine car
Belle Plage/ Rue de l'Anse du Stole 56270 /Ploemeur/ France;Finland;Virojoki;2016;Combustion engine car
Blue Bayou/Plage Ouest, 34350 /Vendres/France;Sweden;Degerfors;2014;Train
Blue Bayou/Plage Ouest, 34350 /Vendres/France;France;Saint-Rémy-de-Provence;2019;Combustion engine car
Belle Plage/ Rue de l'Anse du Stole 56270 /Ploemeur/ France;Germany;Frankfurt am Main;2014;Combustion engine car
Blue Bayou/Plage Ouest, 34350 /Vendres/France;Finland;Turenki;2022;Combustion engine car
Blue Bayou/Plage Ouest, 34350 /Vendres/France;France;Saint-Denis;2023;Train
Blue Bayou/Plage Ouest, 34350 /Vendres/France;France;Chartres;2019;Combustion engine car
València/Carrer Riu Túria, 1, 46530 /Puçol/Espagne;France;Chartres;2017;Train
Belle Plage/ Rue de l'Anse du Stole 56270 /Ploemeur/ France;Sweden;Växjö;2018;Combustion engine car
València/Carrer Riu Túria, 1, 46530 /Puçol/Espagne;Sweden;Nyköping;2013;Combustion engine car
Belle Plage/ Rue de l'Anse du Stole 56270 /Ploemeur/ France;Norway;Kristiansand S;2020;Combustion engine car
Blue Bayou/Plage Ouest, 34350 /Vendres/France;France;Dinan;2014;Electric engine car
València/Carrer Riu Túria, 1, 46530 /Puçol/Espagne;France;Angers;2018;Bus
Blue Bayou/Plage Ouest, 34350 /Vendres/France;France;Châteauroux;2020;Combustion engine car
Cap Sud/ Plage de Cap Sud, 20215 /Venzolasca/ France;Norway;Trondheim;2022;Train
Blue Bayou/Plage Ouest, 34350 /Vendres/France;Finland;Valkeakoski;2019;Electric engine car
València/Carrer Riu Túria, 1, 46530 /Puçol/Espagne;Sweden;Borås;2014;Combustion engine car
Belle Plage/ Rue de l'Anse du Stole 56270 /Ploemeur/ France;Netherlands;Dordrecht;2023;Combustion engine car
Blue Bayou/Plage Ouest, 34350 /Vendres/France;Sweden;Södertälje;2023;Train
Blue Bayou/Plage Ouest, 34350 /Vendres/France;Sweden;Gamleby;2021;Electric engine car
Belle Plage/ Rue de l'Anse du Stole 56270 /Ploemeur/ France;France;Angoulême;2020;Combustion engine car
Blue Bayou/Plage Ouest, 34350 /Vendres/France;Sweden;Klippan;2018;Electric engine car
Cap Sud/ Plage de Cap Sud, 20215 /Venzolasca/ France;France;Guebwiller;2021;Train
Belle Plage/ Rue de l'Anse du Stole 56270 /Ploemeur/ France;France;Lyon;2016;Electric engine car
Blue Bayou/Plage Ouest, 34350 /Vendres/France;Sweden;Färgelanda;2023;Combustion engine car
Cap Sud/ Plage de Cap Sud, 20215 /Venzolasca/ France;Sweden;Norrköping;2021;Bus
València/Carrer Riu Túria, 1, 46530 /Puçol/Espagne;Finland;Kemijärvi;2021;Combustion engine car
Blue Bayou/Plage Ouest, 34350 /Vendres/France;France;Digne-les-Bains;2017;Train
Blue Bayou/Plage Ouest, 34350 /Vendres/France;Sweden;Kungsbacka;2016;Combustion engine car
València/Carrer Riu Túria, 1, 46530 /Puçol/Espagne;Netherlands;Amersfoort;2017;Bus
Blue Bayou/Plage Ouest, 34350 /Vendres/France;Sweden;Borås;2013;Combustion engine car
Blue Bayou/Plage Ouest, 34350 /Vendres/France;France;Nantes;2018;Combustion engine car
Cap Sud/ Plage de Cap Sud, 20215 /Venzolasca/ France;France;Villeneuve-la-Garenne;2023;Combustion engine car
Blue Bayou/Plage Ouest, 34350 /Vendres/France;Sweden;Kungsbacka;2020;Train
València/Carrer Riu Túria, 1, 46530 /Puçol/Espagne;France;Besançon;2013;Combustion engine car
Cap Sud/ Plage de Cap Sud, 20215 /Venzolasca/ France;France;Lyon;2018;Combustion engine car
Cap Sud/ Plage de Cap Sud, 20215 /Venzolasca/ France;Norway;Hafrsfjord;2018;Combustion engine car
Cap Sud/ Plage de Cap Sud, 20215 /Venzolasca/ France;Germany;Saarbrücken;2021;Bus
València/Carrer Riu Túria, 1, 46530 /Puçol/Espagne;Sweden;Vällingby;2019;Bus
València/Carrer Riu Túria, 1, 46530 /Puçol/Espagne;Finland;Alastaro;2015;Bus
Blue Bayou/Plage Ouest, 34350 /Vendres/France;Sweden;Solna;2014;Electric engine car
Blue Bayou/Plage Ouest, 34350 /Vendres/France;Sweden;Bengtsfors;2014;Combustion engine car
Belle Plage/ Rue de l'Anse du Stole 56270 /Ploemeur/ France;Sweden;Knivsta;2017;Bus
Belle Plage/ Rue de l'Anse du Stole 56270 /Ploemeur/ France;France;Vienne;2016;Combustion engine car
Cap Sud/ Plage de Cap Sud, 20215 /Venzolasca/ France;Germany;Leipzig;2016;Electric engine car
Blue Bayou/Plage Ouest, 34350 /Vendres/France;Finland;Kempele;2016;Combustion engine car
Cap Sud/ Plage de Cap Sud, 20215 /Venzolasca/ France;France;Bagneux;2023;Bus
València/Carrer Riu Túria, 1, 46530 /Puçol/Espagne;Norway;Oslo;2019;Train
Blue Bayou/Plage Ouest, 34350 /Vendres/France;France;Castelsarrasin;2019;Combustion engine car
Belle Plage/ Rue de l'Anse du Stole 56270 /Ploemeur/ France;Sweden;Helsingborg;2018;Combustion engine car
València/Carrer Riu Túria, 1, 46530 /Puçol/Espagne;France;Metz;2014;Combustion engine car
Blue Bayou/Plage Ouest, 34350 /Vendres/France;Sweden;Rönninge;2015;Combustion engine car
Blue Bayou/Plage Ouest, 34350 /Vendres/France;France;Hénin-Beaumont;2019;Combustion engine car
Blue Bayou/Plage Ouest, 34350 /Vendres/France;Sweden;Gislaved;2022;Combustion engine car
València/Carrer Riu Túria, 1, 46530 /Puçol/Espagne;France;Nantes;2013;Combustion engine car
Belle Plage/ Rue de l'Anse du Stole 56270 /Ploemeur/ France;Sweden;Hammarö;2013;Combustion engine car
València/Carrer Riu Túria, 1, 46530 /Puçol/Espagne;France;Lyon;2015;Combustion engine car
València/Carrer Riu Túria, 1, 46530 /Puçol/Espagne;France;Nice;2014;Bus
València/Carrer Riu Túria, 1, 46530 /Puçol/Espagne;France;Caen;2019;Combustion engine car
Belle Plage/ Rue de l'Anse du Stole 56270 /Ploemeur/ France;France;Caluire-et-Cuire;2013;Combustion engine car
Blue Bayou/Plage Ouest, 34350 /Vendres/France;Switzerland;Zürich;2018;Combustion engine car
València/Carrer Riu Túria, 1, 46530 /Puçol/Espagne;Sweden;Trosa;2017;Combustion engine car
Belle Plage/ Rue de l'Anse du Stole 56270 /Ploemeur/ France;France;Choisy-le-Roi;2013;Combustion engine car
Cap Sud/ Plage de Cap Sud, 20215 /Venzolasca/ France;France;Blois;2019;Train
Blue Bayou/Plage Ouest, 34350 /Vendres/France;Sweden;Härnösand;2016;Combustion engine car
València/Carrer Riu Túria, 1, 46530 /Puçol/Espagne;Denmark;Frederiksberg;2023;Combustion engine car
Cap Sud/ Plage de Cap Sud, 20215 /Venzolasca/ France;France;Chantilly;2022;Electric engine car
Blue Bayou/Plage Ouest, 34350 /Vendres/France;France;Bressuire;2015;Electric engine car
Blue Bayou/Plage Ouest, 34350 /Vendres/France;Sweden;Haparanda;2020;Combustion engine car
Cap Sud/ Plage de Cap Sud, 20215 /Venzolasca/ France;France;Montpellier;2019;Combustion engine car
Blue Bayou/Plage Ouest, 34350 /Vendres/France;France;Boulogne-sur-Mer;2023;Bus
Cap Sud/ Plage de Cap Sud, 20215 /Venzolasca/ France;Finland;Loimaan Kunta;2013;Electric engine car
Blue Bayou/Plage Ouest, 34350 /Vendres/France;Germany;Dresden;2021;Combustion engine car
Blue Bayou/Plage Ouest, 34350 /Vendres/France;Sweden;Kolmården;2019;Electric engine car
Cap Sud/ Plage de Cap Sud, 20215 /Venzolasca/ France;Netherlands;Nijmegen;2023;Combustion engine car
Blue Bayou/Plage Ouest, 34350 /Vendres/France;Sweden;Huddinge;2021;Train
Belle Plage/ Rue de l'Anse du Stole 56270 /Ploemeur/ France;Sweden;Täby;2021;Electric engine car
Belle Plage/ Rue de l'Anse du Stole 56270 /Ploemeur/ France;Sweden;Karlstad;2022;Combustion engine car
València/Carrer Riu Túria, 1, 46530 /Puçol/Espagne;Denmark;København;2014;Combustion engine car
Cap Sud/ Plage de Cap Sud, 20215 /Venzolasca/ France;Sweden;Trelleborg;2016;Bus
Belle Plage/ Rue de l'Anse du Stole 56270 /Ploemeur/ France;Netherlands;Ede;2014;Bus
Belle Plage/ Rue de l'Anse du Stole 56270 /Ploemeur/ France;Norway;Bergen;2013;Combustion engine car
Cap Sud/ Plage de Cap Sud, 20215 /Venzolasca/ France;Sweden;Stockholm;2022;Combustion engine car
Cap Sud/ Plage de Cap Sud, 20215 /Venzolasca/ France;Sweden;Stockholm;2015;Train
Belle Plage/ Rue de l'Anse du Stole 56270 /Ploemeur/ France;Sweden;Sundsvall;2022;Combustion engine car
Belle Plage/ Rue de l'Anse du Stole 56270 /Ploemeur/ France;Finland;Uusikaupunki;2016;Combustion engine car
Belle Plage/ Rue de l'Anse du Stole 56270 /Ploemeur/ France;France;Landerneau;2015;Electric engine car
Blue Bayou/Plage Ouest, 34350 /Vendres/France;France;Marne-la-Vallée;2021;Bus
Belle Plage/ Rue de l'Anse du Stole 56270 /Ploemeur/ France;Finland;Kuhmalahti;2013;Combustion engine car
Belle Plage/ Rue de l'Anse du Stole 56270 /Ploemeur/ France;Sweden;Sundbyberg;2017;Combustion engine car
Cap Sud/ Plage de Cap Sud, 20215 /Venzolasca/ France;Sweden;Bankeryd;2017;Combustion engine car
Cap Sud/ Plage de Cap Sud, 20215 /Venzolasca/ France;Netherlands;Roermond;2018;Electric engine car
Blue Bayou/Plage Ouest, 34350 /Vendres/France;Norway;Bodø;2015;Combustion engine car
Blue Bayou/Plage Ouest, 34350 /Vendres/France;France;Nantes;2017;Combustion engine car
Blue Bayou/Plage Ouest, 34350 /Vendres/France;Sweden;Täby;2017;Bus
Blue Bayou/Plage Ouest, 34350 /Vendres/France;Sweden;Jönköping;2014;Bus
València/Carrer Riu Túria, 1, 46530 /Puçol/Espagne;Sweden;Åtvidaberg;2019;Combustion engine car
Blue Bayou/Plage Ouest, 34350 /Vendres/France;France;Noisy-le-Grand;2018;Combustion engine car
València/Carrer Riu Túria, 1, 46530 /Puçol/Espagne;Sweden;Södertälje;2014;Train
Belle Plage/ Rue de l'Anse du Stole 56270 /Ploemeur/ France;France;Blois;2018;Combustion engine car
Belle Plage/ Rue de l'Anse du Stole 56270 /Ploemeur/ France;Switzerland;Basel;2016;Combustion engine car
València/Carrer Riu Túria, 1, 46530 /Puçol/Espagne;Denmark;København;2020;Combustion engine car
Belle Plage/ Rue de l'Anse du Stole 56270 /Ploemeur/ France;Sweden;Gävle;2021;Combustion engine car
València/Carrer Riu Túria, 1, 46530 /Puçol/Espagne;France;Futuroscope;2014;Combustion engine car
València/Carrer Riu Túria, 1, 46530 /Puçol/Espagne;Finland;Karvia;2016;Bus
València/Carrer Riu Túria, 1, 46530 /Puçol/Espagne;Netherlands;Nijmegen;2019;Bus
Cap Sud/ Plage de Cap Sud, 20215 /Venzolasca/ France;France;Bordeaux;2020;Train
Cap Sud/ Plage de Cap Sud, 20215 /Venzolasca/ France;France;Mont-Saint-Aignan;2017;Combustion engine car
Belle Plage/ Rue de l'Anse du Stole 56270 /Ploemeur/ France;France;Saint-Ouen;2014;Combustion engine car
Blue Bayou/Plage Ouest, 34350 /Vendres/France;Netherlands;Tilburg;2018;Train
Blue Bayou/Plage Ouest, 34350 /Vendres/France;France;Albi;2019;Electric engine car
València/Carrer Riu Túria, 1, 46530 /Puçol/Espagne;Germany;Hamburg Harvestehude;2016;Combustion engine car
Belle Plage/ Rue de l'Anse du Stole 56270 /Ploemeur/ France;France;Orléans;2019;Electric engine car
Cap Sud/ Plage de Cap Sud, 20215 /Venzolasca/ France;France;Marignane;2019;Train
Belle Plage/ Rue de l'Anse du Stole 56270 /Ploemeur/ France;Netherlands;Breda;2015;Combustion engine car
València/Carrer Riu Túria, 1, 46530 /Puçol/Espagne;France;La Ferté-Bernard;2013;Combustion engine car
Blue Bayou/Plage Ouest, 34350 /Vendres/France;Sweden;Kumla;2017;Combustion engine car
València/Carrer Riu Túria, 1, 46530 /Puçol/Espagne;Germany;Lübeck;2020;Bus
Cap Sud/ Plage de Cap Sud, 20215 /Venzolasca/ France;Sweden;Lysekil;2022;Combustion engine car
Cap Sud/ Plage de Cap Sud, 20215 /Venzolasca/ France;Sweden;Sölvesborg;2016;Train
València/Carrer Riu Túria, 1, 46530 /Puçol/Espagne;Sweden;Linköping;2017;Combustion engine car
Belle Plage/ Rue de l'Anse du Stole 56270 /Ploemeur/ France;Sweden;Västerås;2021;Combustion engine car
València/Carrer Riu Túria, 1, 46530 /Puçol/Espagne;Netherlands;Hellevoetsluis;2022;Combustion engine car
Cap Sud/ Plage de Cap Sud, 20215 /Venzolasca/ France;Sweden;Norrköping;2014;Combustion engine car
Belle Plage/ Rue de l'Anse du Stole 56270 /Ploemeur/ France;Sweden;Skillingaryd;2018;Combustion engine car
Belle Plage/ Rue de l'Anse du Stole 56270 /Ploemeur/ France;Sweden;Kävlinge;2016;Combustion engine car
Belle Plage/ Rue de l'Anse du Stole 56270 /Ploemeur/ France;Sweden;Katrineholm;2014;Combustion engine car
Cap Sud/ Plage de Cap Sud, 20215 /Venzolasca/ France;Netherlands;Breda;2023;Combustion engine car
Cap Sud/ Plage de Cap Sud, 20215 /Venzolasca/ France;Finland;Kalajoki;2013;Train
Cap Sud/ Plage de Cap Sud, 20215 /Venzolasca/ France;France;Saint-Maixent-l'École;2013;Combustion engine car
València/Carrer Riu Túria, 1, 46530 /Puçol/Espagne;Germany;Chemnitz;2021;Combustion engine car
Cap Sud/ Plage de Cap Sud, 20215 /Venzolasca/ France;France;Angoulême;2021;Combustion engine car
Cap Sud/ Plage de Cap Sud, 20215 /Venzolasca/ France;Sweden;Motala;2017;Combustion engine car
València/Carrer Riu Túria, 1, 46530 /Puçol/Espagne;France;Fécamp;2016;Bus
Blue Bayou/Plage Ouest, 34350 /Vendres/France;France;Toulouse;2013;Train
Cap Sud/ Plage de Cap Sud, 20215 /Venzolasca/ France;Sweden;Gustavsberg;2022;Combustion engine car
Cap Sud/ Plage de Cap Sud, 20215 /Venzolasca/ France;Sweden;Umeå;2019;Combustion engine car
Blue Bayou/Plage Ouest, 34350 /Vendres/France;France;Albi;2013;Train
Blue Bayou/Plage Ouest, 34350 /Vendres/France;Sweden;Västra Frölunda;2017;Electric engine car
Belle Plage/ Rue de l'Anse du Stole 56270 /Ploemeur/ France;France;Paris 09;2019;Combustion engine car
Cap Sud/ Plage de Cap Sud, 20215 /Venzolasca/ France;France;Toulouse;2015;Bus
Blue Bayou/Plage Ouest, 34350 /Vendres/France;France;Arras;2019;Combustion engine car
Cap Sud/ Plage de Cap Sud, 20215 /Venzolasca/ France;Norway;Drammen;2018;Combustion engine car
Belle Plage/ Rue de l'Anse du Stole 56270 /Ploemeur/ France;Sweden;Ljusdal;2014;Combustion engine car
València/Carrer Riu Túria, 1, 46530 /Puçol/Espagne;France;Châteauroux;2013;Train
Blue Bayou/Plage Ouest, 34350 /Vendres/France;Germany;Hannover;2023;Combustion engine car
València/Carrer Riu Túria, 1, 46530 /Puçol/Espagne;Sweden;Ängelholm;2016;Train
València/Carrer Riu Túria, 1, 46530 /Puçol/Espagne;Sweden;Markaryd;2013;Electric engine car
Cap Sud/ Plage de Cap Sud, 20215 /Venzolasca/ France;Germany;Bremen;2023;Train
València/Carrer Riu Túria, 1, 46530 /Puçol/Espagne;France;Paris 11;2014;Train
Cap Sud/ Plage de Cap Sud, 20215 /Venzolasca/ France;France;Le Perreux-sur-Marne;2016;Bus
Blue Bayou/Plage Ouest, 34350 /Vendres/France;Sweden;Ulricehamn;2013;Combustion engine car
Belle Plage/ Rue de l'Anse du Stole 56270 /Ploemeur/ France;France;Bayonne;2023;Train
Cap Sud/ Plage de Cap Sud, 20215 /Venzolasca/ France;France;La Plaine-Saint-Denis;2017;Train
Belle Plage/ Rue de l'Anse du Stole 56270 /Ploemeur/ France;Finland;Himanka;2023;Combustion engine car
Cap Sud/ Plage de Cap Sud, 20215 /Venzolasca/ France;France;Orléans;2018;Bus
Belle Plage/ Rue de l'Anse du Stole 56270 /Ploemeur/ France;Netherlands;Maastricht;2023;Combustion engine car
Cap Sud/ Plage de Cap Sud, 20215 /Venzolasca/ France;France;Dijon;2017;Combustion engine car
Blue Bayou/Plage Ouest, 34350 /Vendres/France;Sweden;Hällefors;2014;Combustion engine car
Belle Plage/ Rue de l'Anse du Stole 56270 /Ploemeur/ France;Sweden;Huskvarna;2023;Combustion engine car
València/Carrer Riu Túria, 1, 46530 /Puçol/Espagne;Sweden;Mölndal;2023;Train
Blue Bayou/Plage Ouest, 34350 /Vendres/France;Sweden;Linköping;2013;Combustion engine car
Belle Plage/ Rue de l'Anse du Stole 56270 /Ploemeur/ France;Finland;Lappeenranta;2021;Electric engine car
València/Carrer Riu Túria, 1, 46530 /Puçol/Espagne;Sweden;Ljungby;2023;Train
Blue Bayou/Plage Ouest, 34350 /Vendres/France;Netherlands;'s-Hertogenbosch;2019;Combustion engine car
Belle Plage/ Rue de l'Anse du Stole 56270 /Ploemeur/ France;France;Carrières-sur-Seine;2023;Combustion engine car
Blue Bayou/Plage Ouest, 34350 /Vendres/France;Sweden;Göteborg;2023;Combustion engine car
Belle Plage/ Rue de l'Anse du Stole 56270 /Ploemeur/ France;Sweden;Angered;2018;Bus
Belle Plage/ Rue de l'Anse du Stole 56270 /Ploemeur/ France;Sweden;Haparanda;2020;Train
València/Carrer Riu Túria, 1, 46530 /Puçol/Espagne;Norway;Hafrsfjord;2020;Combustion engine car
Cap Sud/ Plage de Cap Sud, 20215 /Venzolasca/ France;Netherlands;Breda;2013;Combustion engine car
Belle Plage/ Rue de l'Anse du Stole 56270 /Ploemeur/ France;France;Marseille;2017;Train
València/Carrer Riu Túria, 1, 46530 /Puçol/Espagne;Finland;Porvoo;2015;Combustion engine car
València/Carrer Riu Túria, 1, 46530 /Puçol/Espagne;Sweden;Fagersta;2017;Train
València/Carrer Riu Túria, 1, 46530 /Puçol/Espagne;Sweden;Göteborg;2015;Combustion engine car
Cap Sud/ Plage de Cap Sud, 20215 /Venzolasca/ France;Sweden;Stockholm;2019;Combustion engine car
Blue Bayou/Plage Ouest, 34350 /Vendres/France;Sweden;Västerås;2016;Electric engine car
Cap Sud/ Plage de Cap Sud, 20215 /Venzolasca/ France;France;Sophia Antipolis;2013;Combustion engine car
Belle Plage/ Rue de l'Anse du Stole 56270 /Ploemeur/ France;Sweden;Kristinehamn;2020;Combustion engine car
Blue Bayou/Plage Ouest, 34350 /Vendres/France;France;Marseille;2018;Combustion engine car
Belle Plage/ Rue de l'Anse du Stole 56270 /Ploemeur/ France;Sweden;Lycksele;2018;Bus
Blue Bayou/Plage Ouest, 34350 /Vendres/France;France;Bourg-en-Bresse;2022;Train
Belle Plage/ Rue de l'Anse du Stole 56270 /Ploemeur/ France;Norway;Trondheim;2022;Combustion engine car
València/Carrer Riu Túria, 1, 46530 /Puçol/Espagne;Sweden;Hägersten;2016;Combustion engine car
Blue Bayou/Plage Ouest, 34350 /Vendres/France;Sweden;Sundsvall;2020;Combustion engine car
Belle Plage/ Rue de l'Anse du Stole 56270 /Ploemeur/ France;France;Massy;2018;Combustion engine car
Blue Bayou/Plage Ouest, 34350 /Vendres/France;Sweden;Hässelby;2023;Train
València/Carrer Riu Túria, 1, 46530 /Puçol/Espagne;Sweden;Kumla;2013;Electric engine car
Belle Plage/ Rue de l'Anse du Stole 56270 /Ploemeur/ France;Sweden;Sundsvall;2023;Train
València/Carrer Riu Túria, 1, 46530 /Puçol/Espagne;France;Montrouge;2015;Combustion engine car
Belle Plage/ Rue de l'Anse du Stole 56270 /Ploemeur/ France;France;Thiers;2019;Combustion engine car
València/Carrer Riu Túria, 1, 46530 /Puçol/Espagne;Sweden;Haninge;2020;Combustion engine car
Blue Bayou/Plage Ouest, 34350 /Vendres/France;Sweden;Eskilstuna;2021;Combustion engine car
Belle Plage/ Rue de l'Anse du Stole 56270 /Ploemeur/ France;France;Rennes;2017;Bus
Belle Plage/ Rue de l'Anse du Stole 56270 /Ploemeur/ France;France;Courtaboeuf;2013;Combustion engine car
Blue Bayou/Plage Ouest, 34350 /Vendres/France;Netherlands;Enschede;2019;Train
Belle Plage/ Rue de l'Anse du Stole 56270 /Ploemeur/ France;France;Lille;2018;Bus
Cap Sud/ Plage de Cap Sud, 20215 /Venzolasca/ France;Sweden;Helsingborg;2022;Combustion engine car
Cap Sud/ Plage de Cap Sud, 20215 /Venzolasca/ France;Sweden;Båstad;2019;Train
Cap Sud/ Plage de Cap Sud, 20215 /Venzolasca/ France;Netherlands;Utrecht (stad);2020;Electric engine car
Belle Plage/ Rue de l'Anse du Stole 56270 /Ploemeur/ France;Norway;Bodø;2022;Combustion engine car
Cap Sud/ Plage de Cap Sud, 20215 /Venzolasca/ France;France;Caen;2022;Combustion engine car
Belle Plage/ Rue de l'Anse du Stole 56270 /Ploemeur/ France;Sweden;Degerfors;2018;Electric engine car
Cap Sud/ Plage de Cap Sud, 20215 /Venzolasca/ France;Sweden;Enköping;2017;Combustion engine car
Cap Sud/ Plage de Cap Sud, 20215 /Venzolasca/ France;France;Massy;2018;Bus
València/Carrer Riu Túria, 1, 46530 /Puçol/Espagne;France;Cergy-Pontoise;2014;Electric engine car
Cap Sud/ Plage de Cap Sud, 20215 /Venzolasca/ France;France;Vesoul;2019;Combustion engine car
València/Carrer Riu Túria, 1, 46530 /Puçol/Espagne;Sweden;Klippan;2017;Combustion engine car
Blue Bayou/Plage Ouest, 34350 /Vendres/France;Norway;Sandefjord;2013;Combustion engine car
Belle Plage/ Rue de l'Anse du Stole 56270 /Ploemeur/ France;France;La Rochelle;2016;Combustion engine car
València/Carrer Riu Túria, 1, 46530 /Puçol/Espagne;France;Annecy-le-Vieux;2020;Combustion engine car
Cap Sud/ Plage de Cap Sud, 20215 /Venzolasca/ France;France;Poitiers;2017;Combustion engine car
Belle Plage/ Rue de l'Anse du Stole 56270 /Ploemeur/ France;France;Cesson-Sévigné;2013;Combustion engine car
València/Carrer Riu Túria, 1, 46530 /Puçol/Espagne;France;Orsay;2018;Electric engine car
Blue Bayou/Plage Ouest, 34350 /Vendres/France;France;Paris La Défense;2013;Bus
Cap Sud/ Plage de Cap Sud, 20215 /Venzolasca/ France;Germany;München;2018;Train
Blue Bayou/Plage Ouest, 34350 /Vendres/France;Netherlands;'s-Hertogenbosch;2016;Bus
València/Carrer Riu Túria, 1, 46530 /Puçol/Espagne;France;Alfortville;2023;Combustion engine car
Blue Bayou/Plage Ouest, 34350 /Vendres/France;Germany;Magdeburg;2019;Combustion engine car
Blue Bayou/Plage Ouest, 34350 /Vendres/France;France;Tours;2014;Combustion engine car
Blue Bayou/Plage Ouest, 34350 /Vendres/France;France;Nice;2020;Combustion engine car
València/Carrer Riu Túria, 1, 46530 /Puçol/Espagne;France;Paris 15;2020;Train
València/Carrer Riu Túria, 1, 46530 /Puçol/Espagne;Sweden;Trollhättan;2023;Electric engine car
Blue Bayou/Plage Ouest, 34350 /Vendres/France;Denmark;København;2023;Combustion engine car
Belle Plage/ Rue de l'Anse du Stole 56270 /Ploemeur/ France;France;Paris 12;2016;Bus
Cap Sud/ Plage de Cap Sud, 20215 /Venzolasca/ France;Germany;Bonn;2023;Bus
Belle Plage/ Rue de l'Anse du Stole 56270 /Ploemeur/ France;Finland;Juupajoki;2014;Combustion engine car
València/Carrer Riu Túria, 1, 46530 /Puçol/Espagne;Norway;Moss;2016;Combustion engine car
Belle Plage/ Rue de l'Anse du Stole 56270 /Ploemeur/ France;France;Abbeville;2021;Combustion engine car
València/Carrer Riu Túria, 1, 46530 /Puçol/Espagne;Netherlands;Nijmegen;2018;Electric engine car
València/Carrer Riu Túria, 1, 46530 /Puçol/Espagne;Sweden;Saltsjö-Boo;2016;Combustion engine car
València/Carrer Riu Túria, 1, 46530 /Puçol/Espagne;France;Saint-Amand-les-Eaux;2013;Combustion engine car
València/Carrer Riu Túria, 1, 46530 /Puçol/Espagne;France;Vesoul;2014;Combustion engine car
Belle Plage/ Rue de l'Anse du Stole 56270 /Ploemeur/ France;Finland;Tampere;2022;Combustion engine car
València/Carrer Riu Túria, 1, 46530 /Puçol/Espagne;Sweden;Uppsala;2021;Bus
Belle Plage/ Rue de l'Anse du Stole 56270 /Ploemeur/ France;Norway;Oslo;2023;Electric engine car
Belle Plage/ Rue de l'Anse du Stole 56270 /Ploemeur/ France;Sweden;Helsingborg;2023;Combustion engine car
Belle Plage/ Rue de l'Anse du Stole 56270 /Ploemeur/ France;Sweden;Trelleborg;2015;Combustion engine car
Belle Plage/ Rue de l'Anse du Stole 56270 /Ploemeur/ France;Netherlands;Nieuwegein;2020;Bus
Belle Plage/ Rue de l'Anse du Stole 56270 /Ploemeur/ France;France;Strasbourg;2015;Combustion engine car
Blue Bayou/Plage Ouest, 34350 /Vendres/France;France;Wasquehal;2013;Combustion engine car
Blue Bayou/Plage Ouest, 34350 /Vendres/France;Finland;Kuusjoki;2023;Combustion engine car
Belle Plage/ Rue de l'Anse du Stole 56270 /Ploemeur/ France;Sweden;Karlskoga;2015;Combustion engine car
Cap Sud/ Plage de Cap Sud, 20215 /Venzolasca/ France;France;Guebwiller;2019;Train
Belle Plage/ Rue de l'Anse du Stole 56270 /Ploemeur/ France;Sweden;Stockholm;2016;Train
Cap Sud/ Plage de Cap Sud, 20215 /Venzolasca/ France;Sweden;Umeå;2023;Combustion engine car
Belle Plage/ Rue de l'Anse du Stole 56270 /Ploemeur/ France;France;Roubaix;2018;Bus
Cap Sud/ Plage de Cap Sud, 20215 /Venzolasca/ France;France;Chamalières;2021;Bus
València/Carrer Riu Túria, 1, 46530 /Puçol/Espagne;Germany;Hamburg;2013;Combustion engine car
Cap Sud/ Plage de Cap Sud, 20215 /Venzolasca/ France;Sweden;Gävle;2016;Electric engine car
Blue Bayou/Plage Ouest, 34350 /Vendres/France;Denmark;København;2018;Combustion engine car
Blue Bayou/Plage Ouest, 34350 /Vendres/France;France;Le Grand-Quevilly;2018;Combustion engine car
Belle Plage/ Rue de l'Anse du Stole 56270 /Ploemeur/ France;France;Saintes;2014;Combustion engine car
Belle Plage/ Rue de l'Anse du Stole 56270 /Ploemeur/ France;France;Laon;2018;Combustion engine car
Cap Sud/ Plage de Cap Sud, 20215 /Venzolasca/ France;France;Noisy-le-Grand;2014;Combustion engine car
València/Carrer Riu Túria, 1, 46530 /Puçol/Espagne;France;Auxerre;2021;Combustion engine car
Blue Bayou/Plage Ouest, 34350 /Vendres/France;Sweden;Trollhättan;2015;Train
Belle Plage/ Rue de l'Anse du Stole 56270 /Ploemeur/ France;France;Le Havre;2021;Bus
Belle Plage/ Rue de l'Anse du Stole 56270 /Ploemeur/ France;France;Noyal-sur-Vilaine;2013;Electric engine car
Belle Plage/ Rue de l'Anse du Stole 56270 /Ploemeur/ France;Sweden;Göteborg;2017;Train
Belle Plage/ Rue de l'Anse du Stole 56270 /Ploemeur/ France;Sweden;Västerås;2020;Train
Blue Bayou/Plage Ouest, 34350 /Vendres/France;Norway;Oslo;2015;Bus
Cap Sud/ Plage de Cap Sud, 20215 /Venzolasca/ France;Sweden;Västerås;2021;Combustion engine car
Cap Sud/ Plage de Cap Sud, 20215 /Venzolasca/ France;Finland;Ranua;2022;Combustion engine car
València/Carrer Riu Túria, 1, 46530 /Puçol/Espagne;Denmark;København;2021;Combustion engine car
València/Carrer Riu Túria, 1, 46530 /Puçol/Espagne;Norway;Oslo;2023;Electric engine car
València/Carrer Riu Túria, 1, 46530 /Puçol/Espagne;Denmark;København;2021;Electric engine car
Blue Bayou/Plage Ouest, 34350 /Vendres/France;Sweden;Borlänge;2013;Combustion engine car
Cap Sud/ Plage de Cap Sud, 20215 /Venzolasca/ France;France;Vannes;2020;Train
València/Carrer Riu Túria, 1, 46530 /Puçol/Espagne;Sweden;Stockholm;2015;Combustion engine car
Blue Bayou/Plage Ouest, 34350 /Vendres/France;Sweden;Falun;2023;Bus
Blue Bayou/Plage Ouest, 34350 /Vendres/France;France;Nevers;2020;Electric engine car
Cap Sud/ Plage de Cap Sud, 20215 /Venzolasca/ France;Norway;Trondheim;2016;Bus
Belle Plage/ Rue de l'Anse du Stole 56270 /Ploemeur/ France;Sweden;Växjö;2015;Combustion engine car
Cap Sud/ Plage de Cap Sud, 20215 /Venzolasca/ France;France;Arras;2017;Train
Belle Plage/ Rue de l'Anse du Stole 56270 /Ploemeur/ France;Finland;Luhanka;2019;Combustion engine car
Cap Sud/ Plage de Cap Sud, 20215 /Venzolasca/ France;Norway;Kristiansand S;2013;Train
Cap Sud/ Plage de Cap Sud, 20215 /Venzolasca/ France;France;Chambéry;2020;Electric engine car
Blue Bayou/Plage Ouest, 34350 /Vendres/France;Finland;Muhos;2020;Bus
Blue Bayou/Plage Ouest, 34350 /Vendres/France;Sweden;Kramfors;2015;Combustion engine car
Cap Sud/ Plage de Cap Sud, 20215 /Venzolasca/ France;Norway;Ålesund;2016;Combustion engine car
València/Carrer Riu Túria, 1, 46530 /Puçol/Espagne;Sweden;Västra Frölunda;2023;Combustion engine car
Blue Bayou/Plage Ouest, 34350 /Vendres/France;Denmark;København;2016;Combustion engine car
Blue Bayou/Plage Ouest, 34350 /Vendres/France;Finland;Parikkala;2020;Electric engine car
València/Carrer Riu Túria, 1, 46530 /Puçol/Espagne;Finland;Varkaus;2021;Combustion engine car
Blue Bayou/Plage Ouest, 34350 /Vendres/France;Sweden;Skara;2017;Train
Blue Bayou/Plage Ouest, 34350 /Vendres/France;Denmark;København;2023;Train
València/Carrer Riu Túria, 1, 46530 /Puçol/Espagne;France;Tarbes;2021;Train
Cap Sud/ Plage de Cap Sud, 20215 /Venzolasca/ France;France;La Roche-sur-Yon;2017;Combustion engine car
Cap Sud/ Plage de Cap Sud, 20215 /Venzolasca/ France;France;Périgueux;2014;Train
València/Carrer Riu Túria, 1, 46530 /Puçol/Espagne;France;Belfort;2018;Combustion engine car
Blue Bayou/Plage Ouest, 34350 /Vendres/France;Sweden;Halmstad;2015;Combustion engine car
València/Carrer Riu Túria, 1, 46530 /Puçol/Espagne;Sweden;Umeå;2015;Train
Blue Bayou/Plage Ouest, 34350 /Vendres/France;Germany;Hamburg;2014;Combustion engine car
Cap Sud/ Plage de Cap Sud, 20215 /Venzolasca/ France;Sweden;Sölvesborg;2020;Train
Blue Bayou/Plage Ouest, 34350 /Vendres/France;France;Montpellier;2015;Train
Cap Sud/ Plage de Cap Sud, 20215 /Venzolasca/ France;France;Paris 07;2023;Train
Belle Plage/ Rue de l'Anse du Stole 56270 /Ploemeur/ France;France;Paris 12;2014;Combustion engine car
Blue Bayou/Plage Ouest, 34350 /Vendres/France;Germany;Bochum;2016;Combustion engine car
València/Carrer Riu Túria, 1, 46530 /Puçol/Espagne;Sweden;Tungelsta;2014;Train
Belle Plage/ Rue de l'Anse du Stole 56270 /Ploemeur/ France;Sweden;Umeå;2021;Bus
Cap Sud/ Plage de Cap Sud, 20215 /Venzolasca/ France;Sweden;Ludvika;2020;Combustion engine car
Cap Sud/ Plage de Cap Sud, 20215 /Venzolasca/ France;Germany;Berlin;2019;Combustion engine car
Blue Bayou/Plage Ouest, 34350 /Vendres/France;France;Fontenay-sous-Bois;2020;Combustion engine car
Belle Plage/ Rue de l'Anse du Stole 56270 /Ploemeur/ France;France;Thouars;2019;Bus
València/Carrer Riu Túria, 1, 46530 /Puçol/Espagne;Finland;Kirkkonummi;2013;Combustion engine car
València/Carrer Riu Túria, 1, 46530 /Puçol/Espagne;Finland;Inari;2016;Electric engine car
Belle Plage/ Rue de l'Anse du Stole 56270 /Ploemeur/ France;France;Saint-Grégoire;2014;Electric engine car
València/Carrer Riu Túria, 1, 46530 /Puçol/Espagne;Sweden;Åkersberga;2018;Train
Blue Bayou/Plage Ouest, 34350 /Vendres/France;Denmark;Frederiksberg;2013;Bus
Belle Plage/ Rue de l'Anse du Stole 56270 /Ploemeur/ France;France;Aulnay-sous-Bois;2021;Combustion engine car
València/Carrer Riu Túria, 1, 46530 /Puçol/Espagne;Finland;Ingå;2015;Electric engine car
Blue Bayou/Plage Ouest, 34350 /Vendres/France;Sweden;Vänersborg;2013;Combustion engine car
Blue Bayou/Plage Ouest, 34350 /Vendres/France;France;Toulon;2021;Bus
València/Carrer Riu Túria, 1, 46530 /Puçol/Espagne;Sweden;Hägersten;2021;Combustion engine car
València/Carrer Riu Túria, 1, 46530 /Puçol/Espagne;France;Évreux;2016;Electric engine car
València/Carrer Riu Túria, 1, 46530 /Puçol/Espagne;Denmark;Frederiksberg;2022;Combustion engine car
Belle Plage/ Rue de l'Anse du Stole 56270 /Ploemeur/ France;Germany;Mülheim an der Ruhr;2015;Bus
Blue Bayou/Plage Ouest, 34350 /Vendres/France;Sweden;Uppsala;2017;Combustion engine car
Belle Plage/ Rue de l'Anse du Stole 56270 /Ploemeur/ France;Sweden;Skövde;2018;Combustion engine car
Cap Sud/ Plage de Cap Sud, 20215 /Venzolasca/ France;Sweden;Båstad;2023;Train
Cap Sud/ Plage de Cap Sud, 20215 /Venzolasca/ France;France;Marseille;2019;Bus
Belle Plage/ Rue de l'Anse du Stole 56270 /Ploemeur/ France;Finland;Lumijoki;2016;Combustion engine car
Cap Sud/ Plage de Cap Sud, 20215 /Venzolasca/ France;France;Rumilly;2020;Bus
Cap Sud/ Plage de Cap Sud, 20215 /Venzolasca/ France;France;Nice;2021;Bus
Cap Sud/ Plage de Cap Sud, 20215 /Venzolasca/ France;Norway;Oslo;2014;Electric engine car
Belle Plage/ Rue de l'Anse du Stole 56270 /Ploemeur/ France;Netherlands;Tilburg;2015;Bus
Belle Plage/ Rue de l'Anse du Stole 56270 /Ploemeur/ France;France;Troyes;2022;Electric engine car
Belle Plage/ Rue de l'Anse du Stole 56270 /Ploemeur/ France;Sweden;Bankeryd;2022;Combustion engine car
Blue Bayou/Plage Ouest, 34350 /Vendres/France;Norway;Fyllingsdalen;2016;Combustion engine car
Cap Sud/ Plage de Cap Sud, 20215 /Venzolasca/ France;France;Lyon;2019;Combustion engine car
Blue Bayou/Plage Ouest, 34350 /Vendres/France;Sweden;Katrineholm;2013;Combustion engine car
Belle Plage/ Rue de l'Anse du Stole 56270 /Ploemeur/ France;France;Houilles;2019;Electric engine car
Cap Sud/ Plage de Cap Sud, 20215 /Venzolasca/ France;France;Verdun;2020;Combustion engine car
Belle Plage/ Rue de l'Anse du Stole 56270 /Ploemeur/ France;France;Cernay;2021;Combustion engine car
València/Carrer Riu Túria, 1, 46530 /Puçol/Espagne;Netherlands;Almere Haven;2019;Combustion engine car
València/Carrer Riu Túria, 1, 46530 /Puçol/Espagne;France;Marcq-en-Barul;2023;Train
Belle Plage/ Rue de l'Anse du Stole 56270 /Ploemeur/ France;Finland;Hirvensalmi;2020;Electric engine car
València/Carrer Riu Túria, 1, 46530 /Puçol/Espagne;France;Nîmes;2019;Electric engine car
Blue Bayou/Plage Ouest, 34350 /Vendres/France;Sweden;Ludvika;2020;Combustion engine car
Cap Sud/ Plage de Cap Sud, 20215 /Venzolasca/ France;France;Nîmes;2018;Combustion engine car
Blue Bayou/Plage Ouest, 34350 /Vendres/France;France;Arcueil;2019;Bus
Belle Plage/ Rue de l'Anse du Stole 56270 /Ploemeur/ France;Sweden;Stockholm;2018;Combustion engine car
València/Carrer Riu Túria, 1, 46530 /Puçol/Espagne;France;Toulouse;2021;Bus
València/Carrer Riu Túria, 1, 46530 /Puçol/Espagne;Sweden;Stockholm;2015;Combustion engine car
Belle Plage/ Rue de l'Anse du Stole 56270 /Ploemeur/ France;France;Angers;2019;Electric engine car
València/Carrer Riu Túria, 1, 46530 /Puçol/Espagne;Finland;Broby;2013;Bus
Cap Sud/ Plage de Cap Sud, 20215 /Venzolasca/ France;France;Cergy-Pontoise;2013;Combustion engine car
València/Carrer Riu Túria, 1, 46530 /Puçol/Espagne;Sweden;Stockholm;2013;Combustion engine car
Blue Bayou/Plage Ouest, 34350 /Vendres/France;Sweden;Bengtsfors;2017;Combustion engine car
València/Carrer Riu Túria, 1, 46530 /Puçol/Espagne;Sweden;Tibro;2017;Combustion engine car
Blue Bayou/Plage Ouest, 34350 /Vendres/France;Sweden;Umeå;2022;Combustion engine car
València/Carrer Riu Túria, 1, 46530 /Puçol/Espagne;France;Strasbourg;2014;Combustion engine car
València/Carrer Riu Túria, 1, 46530 /Puçol/Espagne;France;Montpellier;2017;Bus
Blue Bayou/Plage Ouest, 34350 /Vendres/France;France;Besançon;2013;Electric engine car
Belle Plage/ Rue de l'Anse du Stole 56270 /Ploemeur/ France;France;Martigues;2021;Train
Blue Bayou/Plage Ouest, 34350 /Vendres/France;France;Auray;2014;Combustion engine car
Blue Bayou/Plage Ouest, 34350 /Vendres/France;France;Tassin-la-Demi-Lune;2018;Combustion engine car
Blue Bayou/Plage Ouest, 34350 /Vendres/France;Finland;Kristinestad;2021;Combustion engine car
Blue Bayou/Plage Ouest, 34350 /Vendres/France;Netherlands;Heemskerk;2013;Electric engine car
Blue Bayou/Plage Ouest, 34350 /Vendres/France;Sweden;Tierp;2013;Train
Blue Bayou/Plage Ouest, 34350 /Vendres/France;France;Lyon;2016;Train
Belle Plage/ Rue de l'Anse du Stole 56270 /Ploemeur/ France;Sweden;Göteborg;2014;Train
Cap Sud/ Plage de Cap Sud, 20215 /Venzolasca/ France;Germany;Berlin;2023;Train
València/Carrer Riu Túria, 1, 46530 /Puçol/Espagne;France;Évreux;2017;Electric engine car
Blue Bayou/Plage Ouest, 34350 /Vendres/France;Finland;Jurva;2014;Train
Cap Sud/ Plage de Cap Sud, 20215 /Venzolasca/ France;France;Courtaboeuf;2017;Combustion engine car
Belle Plage/ Rue de l'Anse du Stole 56270 /Ploemeur/ France;Sweden;Strängnäs;2013;Combustion engine car
València/Carrer Riu Túria, 1, 46530 /Puçol/Espagne;Sweden;Täby;2023;Combustion engine car
Cap Sud/ Plage de Cap Sud, 20215 /Venzolasca/ France;Netherlands;Zwolle;2023;Combustion engine car
Cap Sud/ Plage de Cap Sud, 20215 /Venzolasca/ France;Sweden;Vårby;2020;Combustion engine car
Belle Plage/ Rue de l'Anse du Stole 56270 /Ploemeur/ France;France;Pau;2022;Combustion engine car
València/Carrer Riu Túria, 1, 46530 /Puçol/Espagne;France;Nice;2020;Electric engine car
Blue Bayou/Plage Ouest, 34350 /Vendres/France;Sweden;Stockholm;2021;Train
Belle Plage/ Rue de l'Anse du Stole 56270 /Ploemeur/ France;France;Vannes;2021;Combustion engine car
València/Carrer Riu Túria, 1, 46530 /Puçol/Espagne;Sweden;Angered;2019;Combustion engine car
Blue Bayou/Plage Ouest, 34350 /Vendres/France;Netherlands;Dordrecht;2013;Combustion engine car
Blue Bayou/Plage Ouest, 34350 /Vendres/France;Sweden;Sundsvall;2018;Combustion engine car
Blue Bayou/Plage Ouest, 34350 /Vendres/France;Sweden;Bromma;2017;Combustion engine car
Blue Bayou/Plage Ouest, 34350 /Vendres/France;Sweden;Järfälla;2015;Combustion engine car
Belle Plage/ Rue de l'Anse du Stole 56270 /Ploemeur/ France;France;Brest;2018;Train
Belle Plage/ Rue de l'Anse du Stole 56270 /Ploemeur/ France;France;Alès;2020;Combustion engine car
València/Carrer Riu Túria, 1, 46530 /Puçol/Espagne;Sweden;Solna;2016;Combustion engine car
Blue Bayou/Plage Ouest, 34350 /Vendres/France;Sweden;Katrineholm;2016;Bus
Blue Bayou/Plage Ouest, 34350 /Vendres/France;Sweden;Norrtälje;2019;Combustion engine car
Blue Bayou/Plage Ouest, 34350 /Vendres/France;France;Limoges;2021;Electric engine car
Cap Sud/ Plage de Cap Sud, 20215 /Venzolasca/ France;Netherlands;Utrecht (stad);2021;Combustion engine car
Belle Plage/ Rue de l'Anse du Stole 56270 /Ploemeur/ France;Sweden;Halmstad;2021;Electric engine car
Cap Sud/ Plage de Cap Sud, 20215 /Venzolasca/ France;France;Ivry-sur-Seine;2021;Train
Belle Plage/ Rue de l'Anse du Stole 56270 /Ploemeur/ France;France;Seynod;2018;Combustion engine car
Cap Sud/ Plage de Cap Sud, 20215 /Venzolasca/ France;Sweden;Köping;2021;Electric engine car
València/Carrer Riu Túria, 1, 46530 /Puçol/Espagne;France;Le Bourget-du-Lac;2018;Combustion engine car
València/Carrer Riu Túria, 1, 46530 /Puçol/Espagne;Sweden;Örebro;2023;Electric engine car
Belle Plage/ Rue de l'Anse du Stole 56270 /Ploemeur/ France;France;Créteil;2018;Train
València/Carrer Riu Túria, 1, 46530 /Puçol/Espagne;France;Cahors;2021;Combustion engine car
Belle Plage/ Rue de l'Anse du Stole 56270 /Ploemeur/ France;Sweden;Stockholm;2015;Bus
Belle Plage/ Rue de l'Anse du Stole 56270 /Ploemeur/ France;Sweden;Jönköping;2017;Train
Blue Bayou/Plage Ouest, 34350 /Vendres/France;Sweden;Norrköping;2017;Electric engine car
Cap Sud/ Plage de Cap Sud, 20215 /Venzolasca/ France;Sweden;Stockholm;2016;Combustion engine car
Belle Plage/ Rue de l'Anse du Stole 56270 /Ploemeur/ France;France;Angoulême;2015;Bus
València/Carrer Riu Túria, 1, 46530 /Puçol/Espagne;Sweden;Stocksund;2013;Electric engine car
Belle Plage/ Rue de l'Anse du Stole 56270 /Ploemeur/ France;France;Paris 10;2018;Train
Cap Sud/ Plage de Cap Sud, 20215 /Venzolasca/ France;Sweden;Uppsala;2014;Electric engine car
València/Carrer Riu Túria, 1, 46530 /Puçol/Espagne;France;Châteaudun;2023;Combustion engine car
Blue Bayou/Plage Ouest, 34350 /Vendres/France;Sweden;Kiruna;2021;Combustion engine car
Belle Plage/ Rue de l'Anse du Stole 56270 /Ploemeur/ France;Sweden;Söderhamn;2019;Combustion engine car
València/Carrer Riu Túria, 1, 46530 /Puçol/Espagne;France;Saint-Nazaire;2017;Bus
València/Carrer Riu Túria, 1, 46530 /Puçol/Espagne;Sweden;Göteborg;2015;Combustion engine car
Cap Sud/ Plage de Cap Sud, 20215 /Venzolasca/ France;France;Brétigny-sur-Orge;2019;Combustion engine car
Blue Bayou/Plage Ouest, 34350 /Vendres/France;France;Mende;2020;Combustion engine car
València/Carrer Riu Túria, 1, 46530 /Puçol/Espagne;France;Vénissieux;2014;Combustion engine car
Cap Sud/ Plage de Cap Sud, 20215 /Venzolasca/ France;France;Clermont-Ferrand;2016;Combustion engine car
València/Carrer Riu Túria, 1, 46530 /Puçol/Espagne;France;Vélizy-Villacoublay;2013;Electric engine car
Cap Sud/ Plage de Cap Sud, 20215 /Venzolasca/ France;Norway;Porsgrunn;2015;Combustion engine car
Blue Bayou/Plage Ouest, 34350 /Vendres/France;France;Montreuil;2018;Bus
Cap Sud/ Plage de Cap Sud, 20215 /Venzolasca/ France;France;Bar-le-Duc;2023;Electric engine car
Belle Plage/ Rue de l'Anse du Stole 56270 /Ploemeur/ France;France;Puteaux;2016;Electric engine car
Blue Bayou/Plage Ouest, 34350 /Vendres/France;Norway;Oslo;2021;Electric engine car
Belle Plage/ Rue de l'Anse du Stole 56270 /Ploemeur/ France;Finland;Kuusjoki;2015;Combustion engine car
València/Carrer Riu Túria, 1, 46530 /Puçol/Espagne;Netherlands;Doetinchem;2015;Combustion engine car
Belle Plage/ Rue de l'Anse du Stole 56270 /Ploemeur/ France;Sweden;Västerås;2014;Combustion engine car
Blue Bayou/Plage Ouest, 34350 /Vendres/France;France;Béziers;2013;Electric engine car
Belle Plage/ Rue de l'Anse du Stole 56270 /Ploemeur/ France;Finland;Liperi;2017;Combustion engine car
València/Carrer Riu Túria, 1, 46530 /Puçol/Espagne;Sweden;Kalmar;2013;Combustion engine car
València/Carrer Riu Túria, 1, 46530 /Puçol/Espagne;Germany;Aachen;2013;Train
Cap Sud/ Plage de Cap Sud, 20215 /Venzolasca/ France;France;Orléans;2020;Combustion engine car
València/Carrer Riu Túria, 1, 46530 /Puçol/Espagne;Sweden;Johanneshov;2020;Bus
Blue Bayou/Plage Ouest, 34350 /Vendres/France;France;Sceaux;2013;Bus
Cap Sud/ Plage de Cap Sud, 20215 /Venzolasca/ France;France;Blois;2020;Combustion engine car
Belle Plage/ Rue de l'Anse du Stole 56270 /Ploemeur/ France;Norway;Sandefjord;2021;Electric engine car
Blue Bayou/Plage Ouest, 34350 /Vendres/France;Sweden;Göteborg;2021;Combustion engine car
València/Carrer Riu Túria, 1, 46530 /Puçol/Espagne;Finland;Tornio;2020;Combustion engine car
València/Carrer Riu Túria, 1, 46530 /Puçol/Espagne;Germany;Neuss;2022;Train
Belle Plage/ Rue de l'Anse du Stole 56270 /Ploemeur/ France;France;Lens;2022;Electric engine car
Blue Bayou/Plage Ouest, 34350 /Vendres/France;France;Paris 11;2021;Bus
Blue Bayou/Plage Ouest, 34350 /Vendres/France;France;Maisons-Laffitte;2021;Bus
Blue Bayou/Plage Ouest, 34350 /Vendres/France;Norway;Oslo;2020;Combustion engine car
Cap Sud/ Plage de Cap Sud, 20215 /Venzolasca/ France;France;Fleury-les-Aubrais;2019;Bus
Cap Sud/ Plage de Cap Sud, 20215 /Venzolasca/ France;Denmark;København;2013;Combustion engine car
Blue Bayou/Plage Ouest, 34350 /Vendres/France;Sweden;Borås;2023;Combustion engine car
València/Carrer Riu Túria, 1, 46530 /Puçol/Espagne;Sweden;Katrineholm;2022;Electric engine car
València/Carrer Riu Túria, 1, 46530 /Puçol/Espagne;France;Issoudun;2022;Combustion engine car
Cap Sud/ Plage de Cap Sud, 20215 /Venzolasca/ France;Sweden;Helsingborg;2019;Combustion engine car
Cap Sud/ Plage de Cap Sud, 20215 /Venzolasca/ France;Sweden;Katrineholm;2021;Combustion engine car
Belle Plage/ Rue de l'Anse du Stole 56270 /Ploemeur/ France;France;Nîmes;2013;Combustion engine car
València/Carrer Riu Túria, 1, 46530 /Puçol/Espagne;France;Montpellier;2020;Combustion engine car
Cap Sud/ Plage de Cap Sud, 20215 /Venzolasca/ France;Sweden;Göteborg;2022;Train
València/Carrer Riu Túria, 1, 46530 /Puçol/Espagne;Sweden;Stockholm;2014;Electric engine car
València/Carrer Riu Túria, 1, 46530 /Puçol/Espagne;Sweden;Enskededalen;2013;Bus
Blue Bayou/Plage Ouest, 34350 /Vendres/France;France;Le Mans;2020;Electric engine car
València/Carrer Riu Túria, 1, 46530 /Puçol/Espagne;Sweden;Jönköping;2019;Train
Cap Sud/ Plage de Cap Sud, 20215 /Venzolasca/ France;France;Istres;2020;Combustion engine car
Belle Plage/ Rue de l'Anse du Stole 56270 /Ploemeur/ France;France;Montaigu;2015;Combustion engine car
Blue Bayou/Plage Ouest, 34350 /Vendres/France;France;Roanne;2014;Bus
Cap Sud/ Plage de Cap Sud, 20215 /Venzolasca/ France;Sweden;Göteborg;2020;Train
Blue Bayou/Plage Ouest, 34350 /Vendres/France;Sweden;Laholm;2023;Electric engine car
Blue Bayou/Plage Ouest, 34350 /Vendres/France;Sweden;Vänersborg;2018;Bus
Cap Sud/ Plage de Cap Sud, 20215 /Venzolasca/ France;France;Paris 13;2014;Combustion engine car
Belle Plage/ Rue de l'Anse du Stole 56270 /Ploemeur/ France;France;Tours;2015;Train
Cap Sud/ Plage de Cap Sud, 20215 /Venzolasca/ France;Denmark;København;2015;Combustion engine car
Belle Plage/ Rue de l'Anse du Stole 56270 /Ploemeur/ France;Finland;Uusikaupunki;2013;Combustion engine car
València/Carrer Riu Túria, 1, 46530 /Puçol/Espagne;Finland;Ruukki;2021;Combustion engine car
València/Carrer Riu Túria, 1, 46530 /Puçol/Espagne;Sweden;Arboga;2019;Combustion engine car
Cap Sud/ Plage de Cap Sud, 20215 /Venzolasca/ France;France;Nice;2018;Train
Blue Bayou/Plage Ouest, 34350 /Vendres/France;France;La Rochelle;2016;Combustion engine car
València/Carrer Riu Túria, 1, 46530 /Puçol/Espagne;Sweden;Tanumshede;2019;Combustion engine car
Blue Bayou/Plage Ouest, 34350 /Vendres/France;Germany;München;2020;Combustion engine car
València/Carrer Riu Túria, 1, 46530 /Puçol/Espagne;France;Montrouge;2014;Combustion engine car
Belle Plage/ Rue de l'Anse du Stole 56270 /Ploemeur/ France;Finland;Haukivuori;2018;Combustion engine car
Belle Plage/ Rue de l'Anse du Stole 56270 /Ploemeur/ France;Sweden;Gislaved;2020;Train
Blue Bayou/Plage Ouest, 34350 /Vendres/France;France;Marseille;2017;Combustion engine car
València/Carrer Riu Túria, 1, 46530 /Puçol/Espagne;France;Meaux;2023;Combustion engine car
Cap Sud/ Plage de Cap Sud, 20215 /Venzolasca/ France;France;Avignon;2023;Train
Cap Sud/ Plage de Cap Sud, 20215 /Venzolasca/ France;France;Saint-Priest;2017;Combustion engine car
Belle Plage/ Rue de l'Anse du Stole 56270 /Ploemeur/ France;France;Troyes;2016;Train
València/Carrer Riu Túria, 1, 46530 /Puçol/Espagne;France;Bayeux;2018;Combustion engine car
València/Carrer Riu Túria, 1, 46530 /Puçol/Espagne;Sweden;Skellefteå;2023;Electric engine car
Blue Bayou/Plage Ouest, 34350 /Vendres/France;Sweden;Johanneshov;2015;Bus
València/Carrer Riu Túria, 1, 46530 /Puçol/Espagne;Switzerland;Winterthur;2015;Electric engine car
Blue Bayou/Plage Ouest, 34350 /Vendres/France;France;Toulouse;2019;Combustion engine car
Belle Plage/ Rue de l'Anse du Stole 56270 /Ploemeur/ France;Sweden;Åhus;2021;Combustion engine car
València/Carrer Riu Túria, 1, 46530 /Puçol/Espagne;France;Berck;2023;Electric engine car
Cap Sud/ Plage de Cap Sud, 20215 /Venzolasca/ France;Finland;Enonkoski;2016;Electric engine car
Cap Sud/ Plage de Cap Sud, 20215 /Venzolasca/ France;France;Montpellier;2013;Train
Cap Sud/ Plage de Cap Sud, 20215 /Venzolasca/ France;France;Toulouse;2015;Combustion engine car
Cap Sud/ Plage de Cap Sud, 20215 /Venzolasca/ France;Sweden;Hallsberg;2019;Electric engine car
Cap Sud/ Plage de Cap Sud, 20215 /Venzolasca/ France;Denmark;Frederiksberg;2013;Train
Blue Bayou/Plage Ouest, 34350 /Vendres/France;France;Sens;2013;Combustion engine car
València/Carrer Riu Túria, 1, 46530 /Puçol/Espagne;France;Montfort-sur-Meu;2013;Bus
Belle Plage/ Rue de l'Anse du Stole 56270 /Ploemeur/ France;Sweden;Sjöbo;2023;Electric engine car
Cap Sud/ Plage de Cap Sud, 20215 /Venzolasca/ France;Sweden;Uppsala;2013;Train
Cap Sud/ Plage de Cap Sud, 20215 /Venzolasca/ France;Sweden;Emmaboda;2017;Combustion engine car
Blue Bayou/Plage Ouest, 34350 /Vendres/France;Norway;Oslo;2021;Train
Blue Bayou/Plage Ouest, 34350 /Vendres/France;Sweden;Järfälla;2013;Combustion engine car
Belle Plage/ Rue de l'Anse du Stole 56270 /Ploemeur/ France;Sweden;Göteborg;2016;Combustion engine car
Cap Sud/ Plage de Cap Sud, 20215 /Venzolasca/ France;France;Clichy;2014;Bus
Cap Sud/ Plage de Cap Sud, 20215 /Venzolasca/ France;Sweden;Vallentuna;2021;Bus
Cap Sud/ Plage de Cap Sud, 20215 /Venzolasca/ France;Sweden;Stockholm;2017;Combustion engine car
Blue Bayou/Plage Ouest, 34350 /Vendres/France;France;Toulouse;2018;Bus
Belle Plage/ Rue de l'Anse du Stole 56270 /Ploemeur/ France;Sweden;Tumba;2021;Combustion engine car
Cap Sud/ Plage de Cap Sud, 20215 /Venzolasca/ France;Finland;Perniö;2022;Combustion engine car
Blue Bayou/Plage Ouest, 34350 /Vendres/France;France;Issy-les-Moulineaux;2017;Bus
Blue Bayou/Plage Ouest, 34350 /Vendres/France;France;Châteaudun;2023;Combustion engine car
Belle Plage/ Rue de l'Anse du Stole 56270 /Ploemeur/ France;Finland;Bennäs;2014;Combustion engine car
Belle Plage/ Rue de l'Anse du Stole 56270 /Ploemeur/ France;Sweden;Angered;2021;Combustion engine car
Blue Bayou/Plage Ouest, 34350 /Vendres/France;France;Le Havre;2017;Combustion engine car
Cap Sud/ Plage de Cap Sud, 20215 /Venzolasca/ France;Sweden;Strömsund;2023;Combustion engine car
Blue Bayou/Plage Ouest, 34350 /Vendres/France;France;Saintes;2023;Combustion engine car
València/Carrer Riu Túria, 1, 46530 /Puçol/Espagne;France;Chenôve;2020;Bus
Cap Sud/ Plage de Cap Sud, 20215 /Venzolasca/ France;Sweden;Borås;2016;Electric engine car
Blue Bayou/Plage Ouest, 34350 /Vendres/France;France;Firminy;2023;Combustion engine car
Blue Bayou/Plage Ouest, 34350 /Vendres/France;France;Saint-Cloud;2014;Train
Blue Bayou/Plage Ouest, 34350 /Vendres/France;Norway;Steinkjer;2019;Combustion engine car
Belle Plage/ Rue de l'Anse du Stole 56270 /Ploemeur/ France;Sweden;Arvika;2016;Combustion engine car
Belle Plage/ Rue de l'Anse du Stole 56270 /Ploemeur/ France;France;Trélazé;2019;Combustion engine car
València/Carrer Riu Túria, 1, 46530 /Puçol/Espagne;Sweden;Gamleby;2015;Combustion engine car
Cap Sud/ Plage de Cap Sud, 20215 /Venzolasca/ France;France;Bordeaux;2017;Combustion engine car
Cap Sud/ Plage de Cap Sud, 20215 /Venzolasca/ France;France;Saint-Avold;2017;Combustion engine car
Belle Plage/ Rue de l'Anse du Stole 56270 /Ploemeur/ France;France;Rueil-Malmaison;2013;Bus
Cap Sud/ Plage de Cap Sud, 20215 /Venzolasca/ France;Norway;Tromsø;2022;Combustion engine car
Belle Plage/ Rue de l'Anse du Stole 56270 /Ploemeur/ France;Finland;Hausjärvi;2023;Train
Cap Sud/ Plage de Cap Sud, 20215 /Venzolasca/ France;France;Seynod;2023;Train
Cap Sud/ Plage de Cap Sud, 20215 /Venzolasca/ France;France;Angers;2016;Combustion engine car
Cap Sud/ Plage de Cap Sud, 20215 /Venzolasca/ France;France;Évry;2015;Bus
València/Carrer Riu Túria, 1, 46530 /Puçol/Espagne;France;Villefranche-sur-Mer;2022;Bus
Cap Sud/ Plage de Cap Sud, 20215 /Venzolasca/ France;Finland;Varpaisjärvi;2018;Train
Blue Bayou/Plage Ouest, 34350 /Vendres/France;France;Angers;2014;Train
Belle Plage/ Rue de l'Anse du Stole 56270 /Ploemeur/ France;Norway;Oslo;2022;Combustion engine car
Blue Bayou/Plage Ouest, 34350 /Vendres/France;Norway;Lillehammer;2016;Combustion engine car
València/Carrer Riu Túria, 1, 46530 /Puçol/Espagne;Sweden;Luleå;2015;Combustion engine car
Blue Bayou/Plage Ouest, 34350 /Vendres/France;France;Limoges;2019;Combustion engine car
València/Carrer Riu Túria, 1, 46530 /Puçol/Espagne;Sweden;Asarum;2013;Bus
Blue Bayou/Plage Ouest, 34350 /Vendres/France;France;Perpignan;2018;Combustion engine car
Cap Sud/ Plage de Cap Sud, 20215 /Venzolasca/ France;France;Villeurbanne;2020;Electric engine car
Blue Bayou/Plage Ouest, 34350 /Vendres/France;Sweden;Ljusdal;2020;Combustion engine car
Belle Plage/ Rue de l'Anse du Stole 56270 /Ploemeur/ France;Denmark;København;2022;Combustion engine car
Blue Bayou/Plage Ouest, 34350 /Vendres/France;Sweden;Södertälje;2015;Combustion engine car
Cap Sud/ Plage de Cap Sud, 20215 /Venzolasca/ France;France;Toulon;2016;Electric engine car
Blue Bayou/Plage Ouest, 34350 /Vendres/France;France;Bordeaux;2016;Electric engine car
València/Carrer Riu Túria, 1, 46530 /Puçol/Espagne;France;La Plaine-Saint-Denis;2020;Electric engine car
València/Carrer Riu Túria, 1, 46530 /Puçol/Espagne;Sweden;Bjuv;2019;Train
València/Carrer Riu Túria, 1, 46530 /Puçol/Espagne;France;Toulouse;2017;Train
Blue Bayou/Plage Ouest, 34350 /Vendres/France;Sweden;Kiruna;2023;Combustion engine car
València/Carrer Riu Túria, 1, 46530 /Puçol/Espagne;Sweden;Linköping;2019;Combustion engine car
València/Carrer Riu Túria, 1, 46530 /Puçol/Espagne;Sweden;Borås;2023;Combustion engine car
Belle Plage/ Rue de l'Anse du Stole 56270 /Ploemeur/ France;Sweden;Uppsala;2020;Electric engine car
Blue Bayou/Plage Ouest, 34350 /Vendres/France;France;Paris 08;2015;Electric engine car
Blue Bayou/Plage Ouest, 34350 /Vendres/France;Sweden;Linköping;2018;Electric engine car
Blue Bayou/Plage Ouest, 34350 /Vendres/France;Finland;Ikaalinen;2017;Train
Blue Bayou/Plage Ouest, 34350 /Vendres/France;Norway;Oslo;2014;Bus
Blue Bayou/Plage Ouest, 34350 /Vendres/France;Sweden;Trelleborg;2022;Combustion engine car
Blue Bayou/Plage Ouest, 34350 /Vendres/France;France;Valence;2013;Combustion engine car
Blue Bayou/Plage Ouest, 34350 /Vendres/France;Sweden;Göteborg;2014;Combustion engine car
Belle Plage/ Rue de l'Anse du Stole 56270 /Ploemeur/ France;France;Choisy-le-Roi;2019;Bus
Belle Plage/ Rue de l'Anse du Stole 56270 /Ploemeur/ France;Sweden;Kungsör;2015;Bus
Blue Bayou/Plage Ouest, 34350 /Vendres/France;France;Méru;2017;Combustion engine car
València/Carrer Riu Túria, 1, 46530 /Puçol/Espagne;Norway;Oslo;2023;Train
Blue Bayou/Plage Ouest, 34350 /Vendres/France;Sweden;Gamleby;2020;Combustion engine car
